Total_Sec,Time,movement,state
1,0:01.0,NO TURN,FORWARD
2,0:02.0,NO TURN,FORWARD
3,0:03.0,NO TURN,FORWARD
4,0:04.0,NO TURN,FORWARD
5,0:05.0,NO TURN,FORWARD
6,0:06.0,NO TURN,FORWARD
7,0:07.0,NO TURN,FORWARD
8,0:08.0,NO TURN,FORWARD
9,0:09.0,NO TURN,FORWARD
10,0:10.0,NO TURN,FORWARD
11,0:11.0,NO TURN,FORWARD
12,0:12.0,NO TURN,FORWARD
13,0:13.0,NO TURN,FORWARD
14,0:14.0,NO TURN,FORWARD
15,0:15.0,NO TURN,FORWARD
16,0:16.0,NO TURN,FORWARD
17,0:17.0,NO TURN,FORWARD
18,0:18.0,NO TURN,FORWARD
19,0:19.0,REVERSE SHORT,STOPPED
20,0:20.0,REVERSE SHORT,BACKWARD
21,0:21.0,REVERSE SHORT,BACKWARD
22,0:22.0,REVERSE SHORT,BACKWARD
23,0:23.0,SHARP TURN,FORWARD
24,0:24.0,NO TURN,FORWARD
25,0:25.0,NO TURN,FORWARD
26,0:26.0,NO TURN,FORWARD
27,0:27.0,NO TURN,FORWARD
28,0:28.0,NO TURN,FORWARD
29,0:29.0,NO TURN,FORWARD
30,0:30.0,NO TURN,FORWARD
31,0:31.0,NO TURN,FORWARD
32,0:32.0,NO TURN,FORWARD
33,0:33.0,NO TURN,FORWARD
34,0:34.0,NO TURN,FORWARD
35,0:35.0,NO TURN,FORWARD
36,0:36.0,NO TURN,FORWARD
37,0:37.0,NO TURN,FORWARD
38,0:38.0,NO TURN,FORWARD
39,0:39.0,NO TURN,FORWARD
40,0:40.0,NO TURN,FORWARD
41,0:41.0,NO TURN,FORWARD
42,0:42.0,NO TURN,FORWARD
43,0:43.0,NO TURN,FORWARD
44,0:44.0,NO TURN,FORWARD
45,0:45.0,NO TURN,FORWARD
46,0:46.0,NO TURN,FORWARD
47,0:47.0,NO TURN,FORWARD
48,0:48.0,NO TURN,FORWARD
49,0:49.0,NO TURN,FORWARD
50,0:50.0,NO TURN,FORWARD
51,0:51.0,NO TURN,FORWARD
52,0:52.0,NO TURN,FORWARD
53,0:53.0,NO TURN,FORWARD
54,0:54.0,NO TURN,FORWARD
55,0:55.0,NO TURN,FORWARD
56,0:56.0,NO TURN,FORWARD
57,0:57.0,NO TURN,FORWARD
58,0:58.0,NO TURN,FORWARD
59,0:59.0,NO TURN,FORWARD
60,1:00.0,NO TURN,FORWARD
61,1:01.0,NO TURN,FORWARD
62,1:02.0,NO TURN,FORWARD
63,1:03.0,NO TURN,FORWARD
64,1:04.0,NO TURN,FORWARD
65,1:05.0,NO TURN,FORWARD
66,1:06.0,NO TURN,FORWARD
67,1:07.0,NO TURN,FORWARD
68,1:08.0,NO TURN,FORWARD
69,1:09.0,STOP,STOPPED
70,1:10.0,STOP,STOPPED
71,1:11.0,NO TURN,FORWARD
72,1:12.0,NO TURN,FORWARD
73,1:13.0,REVERSE SHORT,BACKWARD
74,1:14.0,REVERSE SHORT,BACKWARD
75,1:15.0,NO TURN,FORWARD
76,1:16.0,STOP,STOPPED
77,1:17.0,STOP,STOPPED
78,1:18.0,STOP,STOPPED
79,1:19.0,SHALLOW TURN,FORWARD
80,1:20.0,NO TURN,FORWARD
81,1:21.0,NO TURN,FORWARD
82,1:22.0,NO TURN,FORWARD
83,1:23.0,NO TURN,FORWARD
84,1:24.0,NO TURN,FORWARD
85,1:25.0,NO TURN,FORWARD
86,1:26.0,NO TURN,FORWARD
87,1:27.0,NO TURN,FORWARD
88,1:28.0,NO TURN,FORWARD
89,1:29.0,NO TURN,FORWARD
90,1:30.0,NO TURN,FORWARD
91,1:31.0,NO TURN,FORWARD
92,1:32.0,NO TURN,FORWARD
93,1:33.0,NO TURN,FORWARD
94,1:34.0,NO TURN,FORWARD
95,1:35.0,NO TURN,FORWARD
96,1:36.0,NO TURN,FORWARD
97,1:37.0,NO TURN,FORWARD
98,1:38.0,NO TURN,FORWARD
99,1:39.0,NO TURN,FORWARD
100,1:40.0,REVERSE LONG,BACKWARD
101,1:41.0,REVERSE LONG,BACKWARD
102,1:42.0,REVERSE LONG,BACKWARD
103,1:43.0,SHALLOW TURN,FORWARD
104,1:44.0,STOP,STOPPED
105,1:45.0,STOP,STOPPED
106,1:46.0,STOP,STOPPED
107,1:47.0,NO TURN,FORWARD
108,1:48.0,NO TURN,FORWARD
109,1:49.0,STOP,STOPPED
110,1:50.0,SHALLOW TURN,FORWARD
111,1:51.0,NO TURN,FORWARD
112,1:52.0,NO TURN,FORWARD
113,1:53.0,NO TURN,FORWARD
114,1:54.0,NO TURN,FORWARD
115,1:55.0,REVERSE SHORT,BACKWARD
116,1:56.0,NO TURN,FORWARD
117,1:57.0,SHALLOW TURN,FORWARD
118,1:58.0,REVERSE SHORT,BACKWARD
119,1:59.0,NO TURN,FORWARD
120,2:00.0,STOP,STOPPED
121,2:01.0,NO TURN,FORWARD
122,2:02.0,NO TURN,FORWARD
123,2:03.0,NO TURN,FORWARD
124,2:04.0,NO TURN,FORWARD
125,2:05.0,NO TURN,FORWARD
126,2:06.0,NO TURN,FORWARD
127,2:07.0,REVERSE LONG,BACKWARD
128,2:08.0,REVERSE LONG,BACKWARD
129,2:09.0,REVERSE LONG,BACKWARD
130,2:10.0,REVERSE LONG,BACKWARD
131,2:11.0,SHARP TURN,FORWARD
132,2:12.0,NO TURN,FORWARD
133,2:13.0,NO TURN,FORWARD
134,2:14.0,NO TURN,FORWARD
135,2:15.0,REVERSE SHORT,BACKWARD
136,2:16.0,SHARP TURN,FORWARD
137,2:17.0,NO TURN,FORWARD
138,2:18.0,NO TURN,FORWARD
139,2:19.0,SHARP TURN,FORWARD
140,2:20.0,NO TURN,FORWARD
141,2:21.0,NO TURN,FORWARD
142,2:22.0,NO TURN,FORWARD
143,2:23.0,STOP,STOPPED
144,2:24.0,NO TURN,FORWARD
145,2:25.0,NO TURN,FORWARD
146,2:26.0,NO TURN,FORWARD
147,2:27.0,NO TURN,FORWARD
148,2:28.0,NO TURN,FORWARD
149,2:29.0,NO TURN,FORWARD
150,2:30.0,NO TURN,FORWARD
151,2:31.0,STOP,STOPPED
152,2:32.0,NO TURN,FORWARD
153,2:33.0,NO TURN,FORWARD
154,2:34.0,STOP,STOPPED
155,2:35.0,SHALLOW TURN,FORWARD
156,2:36.0,NO TURN,FORWARD
157,2:37.0,NO TURN,FORWARD
158,2:38.0,NO TURN,FORWARD
159,2:39.0,NO TURN,FORWARD
160,2:40.0,NO TURN,FORWARD
161,2:41.0,NO TURN,FORWARD
162,2:42.0,NO TURN,FORWARD
163,2:43.0,NO TURN,FORWARD
164,2:44.0,NO TURN,FORWARD
165,2:45.0,NO TURN,FORWARD
166,2:46.0,STOP,STOPPED
167,2:47.0,STOP,STOPPED
168,2:48.0,NO TURN,FORWARD
169,2:49.0,NO TURN,FORWARD
170,2:50.0,NO TURN,FORWARD
171,2:51.0,NO TURN,FORWARD
172,2:52.0,NO TURN,FORWARD
173,2:53.0,NO TURN,FORWARD
174,2:54.0,NO TURN,FORWARD
175,2:55.0,NO TURN,FORWARD
176,2:56.0,NO TURN,FORWARD
177,2:57.0,NO TURN,FORWARD
178,2:58.0,NO TURN,FORWARD
179,2:59.0,NO TURN,FORWARD
180,3:00.0,NO TURN,FORWARD
181,3:01.0,NO TURN,FORWARD
182,3:02.0,NO TURN,FORWARD
183,3:03.0,NO TURN,FORWARD
184,3:04.0,NO TURN,FORWARD
185,3:05.0,NO TURN,FORWARD
186,3:06.0,NO TURN,FORWARD
187,3:07.0,NO TURN,FORWARD
188,3:08.0,NO TURN,FORWARD
189,3:09.0,NO TURN,FORWARD
190,3:10.0,NO TURN,FORWARD
191,3:11.0,NO TURN,FORWARD
192,3:12.0,NO TURN,FORWARD
193,3:13.0,NO TURN,FORWARD
194,3:14.0,NO TURN,FORWARD
195,3:15.0,NO TURN,FORWARD
196,3:16.0,REVERSE SHORT,STOPPED
197,3:17.0,REVERSE SHORT,BACKWARD
198,3:18.0,REVERSE SHORT,STOPPED
199,3:19.0,NO TURN,FORWARD
200,3:20.0,NO TURN,FORWARD
201,3:21.0,NO TURN,FORWARD
202,3:22.0,NO TURN,FORWARD
203,3:23.0,NO TURN,FORWARD
204,3:24.0,NO TURN,FORWARD
205,3:25.0,NO TURN,FORWARD
206,3:26.0,NO TURN,FORWARD
207,3:27.0,NO TURN,FORWARD
208,3:28.0,NO TURN,FORWARD
209,3:29.0,NO TURN,FORWARD
210,3:30.0,NO TURN,FORWARD
211,3:31.0,NO TURN,FORWARD
212,3:32.0,NO TURN,FORWARD
213,3:33.0,NO TURN,FORWARD
214,3:34.0,NO TURN,FORWARD
215,3:35.0,STOP,STOPPED
216,3:36.0,SHALLOW TURN,FORWARD
217,3:37.0,SHALLOW TURN,FORWARD
218,3:38.0,NO TURN,FORWARD
219,3:39.0,REVERSE LONG,STOPPED
220,3:40.0,REVERSE LONG,BACKWARD
221,3:41.0,REVERSE LONG,BACKWARD
222,3:42.0,REVERSE LONG,BACKWARD
223,3:43.0,SHALLOW TURN,FORWARD
224,3:44.0,REVERSE SHORT,STOPPED
225,3:45.0,REVERSE SHORT,STOPPED
226,3:46.0,REVERSE SHORT,BACKWARD
227,3:47.0,SHALLOW TURN,FORWARD
228,3:48.0,NO TURN,FORWARD
229,3:49.0,NO TURN,FORWARD
230,3:50.0,NO TURN,FORWARD
231,3:51.0,NO TURN,FORWARD
232,3:52.0,NO TURN,FORWARD
233,3:53.0,NO TURN,FORWARD
234,3:54.0,NO TURN,FORWARD
235,3:55.0,NO TURN,FORWARD
236,3:56.0,REVERSE SHORT,BACKWARD
237,3:57.0,NO TURN,FORWARD
238,3:58.0,REVERSE SHORT,BACKWARD
239,3:59.0,NO TURN,FORWARD
240,4:00.0,NO TURN,FORWARD
241,4:01.0,NO TURN,FORWARD
242,4:02.0,SHALLOW TURN,FORWARD
243,4:03.0,NO TURN,FORWARD
244,4:04.0,NO TURN,FORWARD
245,4:05.0,NO TURN,FORWARD
246,4:06.0,NO TURN,FORWARD
247,4:07.0,NO TURN,FORWARD
248,4:08.0,NO TURN,FORWARD
249,4:09.0,NO TURN,FORWARD
250,4:10.0,NO TURN,FORWARD
251,4:11.0,NO TURN,FORWARD
252,4:12.0,NO TURN,FORWARD
253,4:13.0,NO TURN,FORWARD
254,4:14.0,NO TURN,FORWARD
255,4:15.0,NO TURN,FORWARD
256,4:16.0,REVERSE LONG,BACKWARD
257,4:17.0,REVERSE LONG,BACKWARD
258,4:18.0,REVERSE LONG,BACKWARD
259,4:19.0,REVERSE LONG,BACKWARD
260,4:20.0,SHARP TURN,FORWARD
261,4:21.0,NO TURN,FORWARD
262,4:22.0,NO TURN,FORWARD
263,4:23.0,NO TURN,FORWARD
264,4:24.0,NO TURN,FORWARD
265,4:25.0,NO TURN,FORWARD
266,4:26.0,NO TURN,FORWARD
267,4:27.0,NO TURN,FORWARD
268,4:28.0,NO TURN,FORWARD
269,4:29.0,NO TURN,FORWARD
270,4:30.0,NO TURN,FORWARD
271,4:31.0,NO TURN,FORWARD
272,4:32.0,NO TURN,FORWARD
273,4:33.0,NO TURN,FORWARD
274,4:34.0,NO TURN,FORWARD
275,4:35.0,NO TURN,FORWARD
276,4:36.0,NO TURN,FORWARD
277,4:37.0,NO TURN,FORWARD
278,4:38.0,NO TURN,FORWARD
279,4:39.0,NO TURN,FORWARD
280,4:40.0,NO TURN,FORWARD
281,4:41.0,NO TURN,FORWARD
282,4:42.0,NO TURN,FORWARD
283,4:43.0,NO TURN,FORWARD
284,4:44.0,NO TURN,FORWARD
285,4:45.0,NO TURN,FORWARD
286,4:46.0,NO TURN,FORWARD
287,4:47.0,REVERSE SHORT,BACKWARD
288,4:48.0,SHARP TURN,FORWARD
289,4:49.0,SHARP TURN,FORWARD
290,4:50.0,NO TURN,FORWARD
291,4:51.0,NO TURN,FORWARD
292,4:52.0,NO TURN,FORWARD
293,4:53.0,REVERSE SHORT,BACKWARD
294,4:54.0,REVERSE SHORT,BACKWARD
295,4:55.0,REVERSE SHORT,BACKWARD
296,4:56.0,SHALLOW TURN,FORWARD
297,4:57.0,NO TURN,FORWARD
298,4:58.0,NO TURN,FORWARD
299,4:59.0,SHARP TURN,FORWARD
300,5:00.0,NO TURN,FORWARD
301,5:01.0,SHARP TURN,FORWARD
302,5:02.0,NO TURN,FORWARD
303,5:03.0,REVERSE SHORT,BACKWARD
304,5:04.0,REVERSE SHORT,BACKWARD
305,5:05.0,SHARP TURN,FORWARD
306,5:06.0,NO TURN,FORWARD
307,5:07.0,NO TURN,FORWARD
308,5:08.0,NO TURN,FORWARD
309,5:09.0,NO TURN,FORWARD
310,5:10.0,REVERSE LONG,BACKWARD
311,5:11.0,REVERSE LONG,BACKWARD
312,5:12.0,REVERSE LONG,BACKWARD
313,5:13.0,REVERSE LONG,BACKWARD
314,5:14.0,REVERSE LONG,BACKWARD
315,5:15.0,SHARP TURN,FORWARD
316,5:16.0,SHARP TURN,FORWARD
317,5:17.0,SHARP TURN,FORWARD
318,5:18.0,SHARP TURN,FORWARD
319,5:19.0,NO TURN,FORWARD
320,5:20.0,NO TURN,FORWARD
321,5:21.0,STOP,STOPPED
322,5:22.0,NO TURN,FORWARD
323,5:23.0,REVERSE SHORT,BACKWARD
324,5:24.0,SHALLOW TURN,FORWARD
325,5:25.0,SHALLOW TURN,FORWARD
326,5:26.0,NO TURN,FORWARD
327,5:27.0,REVERSE LONG,BACKWARD
328,5:28.0,REVERSE LONG,BACKWARD
329,5:29.0,SHARP TURN,FORWARD
330,5:30.0,SHARP TURN,FORWARD
331,5:31.0,REVERSE SHORT,BACKWARD
332,5:32.0,REVERSE SHORT,BACKWARD
333,5:33.0,SHARP TURN,FORWARD
334,5:34.0,REVERSE SHORT,BACKWARD
335,5:35.0,SHALLOW TURN,FORWARD
336,5:36.0,SHALLOW TURN,FORWARD
337,5:37.0,NO TURN,FORWARD
338,5:38.0,NO TURN,FORWARD
339,5:39.0,NO TURN,FORWARD
340,5:40.0,NO TURN,FORWARD
341,5:41.0,REVERSE SHORT,BACKWARD
342,5:42.0,REVERSE SHORT,BACKWARD
343,5:43.0,NO TURN,FORWARD
344,5:44.0,NO TURN,FORWARD
345,5:45.0,SHALLOW TURN,FORWARD
346,5:46.0,NO TURN,FORWARD
347,5:47.0,NO TURN,FORWARD
348,5:48.0,REVERSE SHORT,BACKWARD
349,5:49.0,SHALLOW TURN,FORWARD
350,5:50.0,SHALLOW TURN,FORWARD
351,5:51.0,NO TURN,FORWARD
352,5:52.0,NO TURN,FORWARD
353,5:53.0,NO TURN,FORWARD
354,5:54.0,NO TURN,FORWARD
355,5:55.0,NO TURN,FORWARD
356,5:56.0,NO TURN,FORWARD
357,5:57.0,NO TURN,FORWARD
358,5:58.0,NO TURN,FORWARD
359,5:59.0,NO TURN,FORWARD
360,6:00.0,NO TURN,FORWARD
361,6:01.0,NO TURN,FORWARD
362,6:02.0,NO TURN,FORWARD
363,6:03.0,NO TURN,FORWARD
364,6:04.0,NO TURN,FORWARD
365,6:05.0,NO TURN,FORWARD
366,6:06.0,NO TURN,FORWARD
367,6:07.0,NO TURN,FORWARD
368,6:08.0,NO TURN,FORWARD
369,6:09.0,NO TURN,FORWARD
370,6:10.0,NO TURN,FORWARD
371,6:11.0,NO TURN,FORWARD
372,6:12.0,NO TURN,FORWARD
373,6:13.0,NO TURN,FORWARD
374,6:14.0,NO TURN,FORWARD
375,6:15.0,NO TURN,FORWARD
376,6:16.0,SHALLOW TURN,FORWARD
377,6:17.0,NO TURN,FORWARD
378,6:18.0,NO TURN,FORWARD
379,6:19.0,NO TURN,FORWARD
380,6:20.0,NO TURN,FORWARD
381,6:21.0,NO TURN,FORWARD
382,6:22.0,NO TURN,FORWARD
383,6:23.0,NO TURN,FORWARD
384,6:24.0,NO TURN,FORWARD
385,6:25.0,NO TURN,FORWARD
386,6:26.0,NO TURN,FORWARD
387,6:27.0,NO TURN,FORWARD
388,6:28.0,SHALLOW TURN,FORWARD
389,6:29.0,NO TURN,FORWARD
390,6:30.0,NO TURN,FORWARD
391,6:31.0,NO TURN,FORWARD
392,6:32.0,NO TURN,FORWARD
393,6:33.0,NO TURN,FORWARD
394,6:34.0,NO TURN,FORWARD
395,6:35.0,NO TURN,FORWARD
396,6:36.0,NO TURN,FORWARD
397,6:37.0,NO TURN,FORWARD
398,6:38.0,NO TURN,FORWARD
399,6:39.0,NO TURN,FORWARD
400,6:40.0,NO TURN,FORWARD
401,6:41.0,NO TURN,FORWARD
402,6:42.0,REVERSE LONG,BACKWARD
403,6:43.0,REVERSE LONG,BACKWARD
404,6:44.0,REVERSE LONG,BACKWARD
405,6:45.0,REVERSE LONG,BACKWARD
406,6:46.0,SHARP TURN,FORWARD
407,6:47.0,NO TURN,FORWARD
408,6:48.0,NO TURN,FORWARD
409,6:49.0,REVERSE SHORT,BACKWARD
410,6:50.0,REVERSE SHORT,BACKWARD
411,6:51.0,SHALLOW TURN,FORWARD
412,6:52.0,REVERSE SHORT,BACKWARD
413,6:53.0,REVERSE SHORT,BACKWARD
414,6:54.0,REVERSE SHORT,BACKWARD
415,6:55.0,SHARP TURN,FORWARD
416,6:56.0,NO TURN,FORWARD
417,6:57.0,REVERSE SHORT,BACKWARD
418,6:58.0,SHALLOW TURN,FORWARD
419,6:59.0,NO TURN,FORWARD
420,7:00.0,SHARP TURN,FORWARD
421,7:01.0,NO TURN,FORWARD
422,7:02.0,REVERSE LONG,BACKWARD
423,7:03.0,REVERSE LONG,BACKWARD
424,7:04.0,REVERSE LONG,BACKWARD
425,7:05.0,REVERSE LONG,BACKWARD
426,7:06.0,REVERSE LONG,BACKWARD
427,7:07.0,SHARP TURN,FORWARD
428,7:08.0,SHARP TURN,FORWARD
429,7:09.0,NO TURN,FORWARD
430,7:10.0,SHARP TURN,FORWARD
431,7:11.0,NO TURN,FORWARD
432,7:12.0,NO TURN,FORWARD
433,7:13.0,NO TURN,FORWARD
434,7:14.0,NO TURN,FORWARD
435,7:15.0,NO TURN,FORWARD
436,7:16.0,NO TURN,FORWARD
437,7:17.0,NO TURN,FORWARD
438,7:18.0,NO TURN,FORWARD
439,7:19.0,NO TURN,FORWARD
440,7:20.0,NO TURN,FORWARD
441,7:21.0,NO TURN,FORWARD
442,7:22.0,NO TURN,FORWARD
443,7:23.0,NO TURN,FORWARD
444,7:24.0,STOP,STOPPED
445,7:25.0,SHARP TURN,FORWARD
446,7:26.0,NO TURN,FORWARD
447,7:27.0,NO TURN,FORWARD
448,7:28.0,NO TURN,FORWARD
449,7:29.0,NO TURN,FORWARD
450,7:30.0,NO TURN,FORWARD
451,7:31.0,REVERSE SHORT,BACKWARD
452,7:32.0,SHALLOW TURN,FORWARD
453,7:33.0,SHALLOW TURN,FORWARD
454,7:34.0,SHALLOW TURN,FORWARD
455,7:35.0,SHALLOW TURN,FORWARD
456,7:36.0,SHALLOW TURN,FORWARD
457,7:37.0,NO TURN,FORWARD
458,7:38.0,NO TURN,FORWARD
459,7:39.0,NO TURN,FORWARD
460,7:40.0,NO TURN,FORWARD
461,7:41.0,NO TURN,FORWARD
462,7:42.0,NO TURN,FORWARD
463,7:43.0,NO TURN,FORWARD
464,7:44.0,NO TURN,FORWARD
465,7:45.0,NO TURN,FORWARD
466,7:46.0,NO TURN,FORWARD
467,7:47.0,NO TURN,FORWARD
468,7:48.0,NO TURN,FORWARD
469,7:49.0,NO TURN,FORWARD
470,7:50.0,NO TURN,FORWARD
471,7:51.0,NO TURN,FORWARD
472,7:52.0,NO TURN,FORWARD
473,7:53.0,NO TURN,FORWARD
474,7:54.0,NO TURN,FORWARD
475,7:55.0,NO TURN,FORWARD
476,7:56.0,NO TURN,FORWARD
477,7:57.0,NO TURN,FORWARD
478,7:58.0,NO TURN,FORWARD
479,7:59.0,NO TURN,FORWARD
480,8:00.0,NO TURN,FORWARD
481,8:01.0,NO TURN,FORWARD
482,8:02.0,NO TURN,FORWARD
483,8:03.0,NO TURN,FORWARD
484,8:04.0,NO TURN,FORWARD
485,8:05.0,NO TURN,FORWARD
486,8:06.0,STOP,STOPPED
487,8:07.0,SHALLOW TURN,FORWARD
488,8:08.0,NO TURN,FORWARD
489,8:09.0,NO TURN,FORWARD
490,8:10.0,SHALLOW TURN,FORWARD
491,8:11.0,NO TURN,FORWARD
492,8:12.0,NO TURN,FORWARD
493,8:13.0,NO TURN,FORWARD
494,8:14.0,NO TURN,FORWARD
495,8:15.0,NO TURN,FORWARD
496,8:16.0,NO TURN,FORWARD
497,8:17.0,NO TURN,FORWARD
498,8:18.0,NO TURN,FORWARD
499,8:19.0,NO TURN,FORWARD
500,8:20.0,NO TURN,FORWARD
501,8:21.0,NO TURN,FORWARD
502,8:22.0,NO TURN,FORWARD
503,8:23.0,NO TURN,FORWARD
504,8:24.0,NO TURN,FORWARD
505,8:25.0,NO TURN,FORWARD
506,8:26.0,NO TURN,FORWARD
507,8:27.0,NO TURN,FORWARD
508,8:28.0,NO TURN,FORWARD
509,8:29.0,NO TURN,FORWARD
510,8:30.0,NO TURN,FORWARD
511,8:31.0,NO TURN,FORWARD
512,8:32.0,NO TURN,FORWARD
513,8:33.0,NO TURN,FORWARD
514,8:34.0,NO TURN,FORWARD
515,8:35.0,NO TURN,FORWARD
516,8:36.0,NO TURN,FORWARD
517,8:37.0,NO TURN,FORWARD
518,8:38.0,NO TURN,FORWARD
519,8:39.0,NO TURN,FORWARD
520,8:40.0,NO TURN,FORWARD
521,8:41.0,NO TURN,FORWARD
522,8:42.0,SHALLOW TURN,FORWARD
523,8:43.0,SHALLOW TURN,FORWARD
524,8:44.0,NO TURN,FORWARD
525,8:45.0,NO TURN,FORWARD
526,8:46.0,NO TURN,FORWARD
527,8:47.0,NO TURN,FORWARD
528,8:48.0,NO TURN,FORWARD
529,8:49.0,NO TURN,FORWARD
530,8:50.0,REVERSE SHORT,STOPPED
531,8:51.0,REVERSE SHORT,BACKWARD
532,8:52.0,NO TURN,FORWARD
533,8:53.0,SHARP TURN,FORWARD
534,8:54.0,SHARP TURN,FORWARD
535,8:55.0,NO TURN,FORWARD
536,8:56.0,NO TURN,FORWARD
537,8:57.0,NO TURN,FORWARD
538,8:58.0,NO TURN,FORWARD
539,8:59.0,NO TURN,FORWARD
540,9:00.0,NO TURN,FORWARD
541,9:01.0,NO TURN,FORWARD
542,9:02.0,NO TURN,FORWARD
543,9:03.0,REVERSE LONG,BACKWARD
544,9:04.0,REVERSE LONG,BACKWARD
545,9:05.0,REVERSE LONG,BACKWARD
546,9:06.0,REVERSE LONG,BACKWARD
547,9:07.0,SHARP TURN,FORWARD
548,9:08.0,SHARP TURN,FORWARD
549,9:09.0,SHARP TURN,FORWARD
550,9:10.0,NO TURN,FORWARD
551,9:11.0,REVERSE SHORT,BACKWARD
552,9:12.0,REVERSE SHORT,BACKWARD
553,9:13.0,SHARP TURN,FORWARD
554,9:14.0,SHARP TURN,FORWARD
555,9:15.0,NO TURN,FORWARD
556,9:16.0,NO TURN,FORWARD
557,9:17.0,NO TURN,FORWARD
558,9:18.0,NO TURN,FORWARD
559,9:19.0,NO TURN,FORWARD
560,9:20.0,STOP,STOPPED
561,9:21.0,STOP,STOPPED
562,9:22.0,SHALLOW TURN,FORWARD
563,9:23.0,SHALLOW TURN,FORWARD
564,9:24.0,SHALLOW TURN,FORWARD
565,9:25.0,SHALLOW TURN,FORWARD
566,9:26.0,NO TURN,FORWARD
567,9:27.0,NO TURN,FORWARD
568,9:28.0,NO TURN,FORWARD
569,9:29.0,NO TURN,FORWARD
570,9:30.0,SHALLOW TURN,FORWARD
571,9:31.0,SHALLOW TURN,FORWARD
572,9:32.0,NO TURN,FORWARD
573,9:33.0,NO TURN,FORWARD
574,9:34.0,NO TURN,FORWARD
575,9:35.0,NO TURN,FORWARD
576,9:36.0,NO TURN,FORWARD
577,9:37.0,NO TURN,FORWARD
578,9:38.0,NO TURN,FORWARD
579,9:39.0,REVERSE LONG,BACKWARD
580,9:40.0,REVERSE LONG,BACKWARD
581,9:41.0,NO TURN,FORWARD
582,9:42.0,REVERSE LONG,BACKWARD
583,9:43.0,REVERSE LONG,BACKWARD
584,9:44.0,REVERSE LONG,BACKWARD
585,9:45.0,SHARP TURN,FORWARD
586,9:46.0,NO TURN,FORWARD
587,9:47.0,NO TURN,FORWARD
588,9:48.0,REVERSE SHORT,BACKWARD
589,9:49.0,REVERSE SHORT,BACKWARD
590,9:50.0,SHARP TURN,FORWARD
591,9:51.0,SHARP TURN,FORWARD
592,9:52.0,NO TURN,FORWARD
593,9:53.0,NO TURN,FORWARD
594,9:54.0,NO TURN,FORWARD
595,9:55.0,NO TURN,FORWARD
596,9:56.0,NO TURN,FORWARD
597,9:57.0,NO TURN,FORWARD
598,9:58.0,NO TURN,FORWARD
599,9:59.0,NO TURN,FORWARD
600,10:00.0,NO TURN,FORWARD
601,10:01.0,NO TURN,FORWARD
602,10:02.0,NO TURN,FORWARD
603,10:03.0,REVERSE SHORT,BACKWARD
604,10:04.0,REVERSE SHORT,BACKWARD
605,10:05.0,NO TURN,FORWARD
606,10:06.0,NO TURN,FORWARD
607,10:07.0,NO TURN,FORWARD
608,10:08.0,NO TURN,FORWARD
609,10:09.0,NO TURN,FORWARD
610,10:10.0,NO TURN,FORWARD
611,10:11.0,NO TURN,FORWARD
612,10:12.0,NO TURN,FORWARD
613,10:13.0,NO TURN,FORWARD
614,10:14.0,REVERSE LONG,STOPPED
615,10:15.0,REVERSE LONG,BACKWARD
616,10:16.0,REVERSE LONG,BACKWARD
617,10:17.0,REVERSE LONG,BACKWARD
618,10:18.0,SHARP TURN,FORWARD
619,10:19.0,SHARP TURN,FORWARD
620,10:20.0,STOP,STOPPED
621,10:21.0,STOP,STOPPED
622,10:22.0,NO TURN,FORWARD
623,10:23.0,REVERSE SHORT,BACKWARD
624,10:24.0,NO TURN,FORWARD
625,10:25.0,NO TURN,FORWARD
626,10:26.0,NO TURN,FORWARD
627,10:27.0,NO TURN,FORWARD
628,10:28.0,NO TURN,FORWARD
629,10:29.0,NO TURN,FORWARD
630,10:30.0,SHALLOW TURN,FORWARD
631,10:31.0,SHALLOW TURN,FORWARD
632,10:32.0,NO TURN,FORWARD
633,10:33.0,NO TURN,FORWARD
634,10:34.0,NO TURN,FORWARD
635,10:35.0,NO TURN,FORWARD
636,10:36.0,REVERSE SHORT,BACKWARD
637,10:37.0,REVERSE SHORT,BACKWARD
638,10:38.0,NO TURN,FORWARD
639,10:39.0,REVERSE SHORT,BACKWARD
640,10:40.0,SHARP TURN,FORWARD
641,10:41.0,SHARP TURN,FORWARD
642,10:42.0,NO TURN,FORWARD
643,10:43.0,NO TURN,FORWARD
644,10:44.0,REVERSE LONG,BACKWARD
645,10:45.0,REVERSE LONG,BACKWARD
646,10:46.0,REVERSE LONG,BACKWARD
647,10:47.0,SHARP TURN,FORWARD
648,10:48.0,SHARP TURN,FORWARD
649,10:49.0,NO TURN,FORWARD
650,10:50.0,NO TURN,FORWARD
651,10:51.0,SHALLOW TURN,FORWARD
652,10:52.0,SHALLOW TURN,FORWARD
653,10:53.0,NO TURN,FORWARD
654,10:54.0,NO TURN,FORWARD
655,10:55.0,NO TURN,FORWARD
656,10:56.0,NO TURN,FORWARD
657,10:57.0,NO TURN,FORWARD
658,10:58.0,REVERSE SHORT,STOPPED
659,10:59.0,REVERSE SHORT,BACKWARD
660,11:00.0,NO TURN,FORWARD
661,11:01.0,NO TURN,FORWARD
662,11:02.0,REVERSE SHORT,STOPPED
663,11:03.0,REVERSE SHORT,STOPPED
664,11:04.0,REVERSE SHORT,BACKWARD
665,11:05.0,NO TURN,FORWARD
666,11:06.0,NO TURN,FORWARD
667,11:07.0,SHALLOW TURN,FORWARD
668,11:08.0,STOP,STOPPED
669,11:09.0,STOP,STOPPED
670,11:10.0,STOP,STOPPED
671,11:11.0,SHALLOW TURN,FORWARD
672,11:12.0,SHALLOW TURN,FORWARD
673,11:13.0,NO TURN,FORWARD
674,11:14.0,NO TURN,FORWARD
675,11:15.0,NO TURN,FORWARD
676,11:16.0,NO TURN,FORWARD
677,11:17.0,NO TURN,FORWARD
678,11:18.0,NO TURN,FORWARD
679,11:19.0,NO TURN,FORWARD
680,11:20.0,NO TURN,FORWARD
681,11:21.0,NO TURN,FORWARD
682,11:22.0,REVERSE LONG,BACKWARD
683,11:23.0,REVERSE LONG,BACKWARD
684,11:24.0,REVERSE LONG,BACKWARD
685,11:25.0,SHARP TURN,FORWARD
686,11:26.0,SHARP TURN,FORWARD
687,11:27.0,NO TURN,FORWARD
688,11:28.0,NO TURN,FORWARD
689,11:29.0,REVERSE SHORT,BACKWARD
690,11:30.0,SHARP TURN,FORWARD
691,11:31.0,SHARP TURN,FORWARD
692,11:32.0,NO TURN,FORWARD
693,11:33.0,NO TURN,FORWARD
694,11:34.0,NO TURN,FORWARD
695,11:35.0,NO TURN,FORWARD
696,11:36.0,REVERSE SHORT,STOPPED
697,11:37.0,REVERSE SHORT,BACKWARD
698,11:38.0,SHARP TURN,FORWARD
699,11:39.0,SHARP TURN,FORWARD
700,11:40.0,NO TURN,FORWARD
701,11:41.0,NO TURN,FORWARD
702,11:42.0,NO TURN,FORWARD
703,11:43.0,NO TURN,FORWARD
704,11:44.0,NO TURN,FORWARD
705,11:45.0,REVERSE LONG,BACKWARD
706,11:46.0,REVERSE LONG,BACKWARD
707,11:47.0,REVERSE LONG,BACKWARD
708,11:48.0,REVERSE LONG,BACKWARD
709,11:49.0,SHARP TURN,FORWARD
710,11:50.0,SHARP TURN,FORWARD
711,11:51.0,NO TURN,FORWARD
712,11:52.0,NO TURN,FORWARD
713,11:53.0,REVERSE LONG,BACKWARD
714,11:54.0,REVERSE LONG,BACKWARD
715,11:55.0,REVERSE LONG,BACKWARD
716,11:56.0,SHARP TURN,FORWARD
717,11:57.0,SHARP TURN,FORWARD
718,11:58.0,NO TURN,FORWARD
719,11:59.0,NO TURN,FORWARD
720,12:00.0,NO TURN,FORWARD
721,12:01.0,NO TURN,FORWARD
722,12:02.0,NO TURN,FORWARD
723,12:03.0,NO TURN,FORWARD
724,12:04.0,NO TURN,FORWARD
725,12:05.0,NO TURN,FORWARD
726,12:06.0,NO TURN,FORWARD
727,12:07.0,NO TURN,FORWARD
728,12:08.0,SHALLOW TURN,FORWARD
729,12:09.0,SHALLOW TURN,FORWARD
730,12:10.0,SHALLOW TURN,FORWARD
731,12:11.0,SHALLOW TURN,FORWARD
732,12:12.0,NO TURN,FORWARD
733,12:13.0,NO TURN,FORWARD
734,12:14.0,NO TURN,FORWARD
735,12:15.0,NO TURN,FORWARD
736,12:16.0,NO TURN,FORWARD
737,12:17.0,NO TURN,FORWARD
738,12:18.0,NO TURN,FORWARD
739,12:19.0,NO TURN,FORWARD
740,12:20.0,SHALLOW TURN,FORWARD
741,12:21.0,SHALLOW TURN,FORWARD
742,12:22.0,SHALLOW TURN,FORWARD
743,12:23.0,SHALLOW TURN,FORWARD
744,12:24.0,NO TURN,FORWARD
745,12:25.0,NO TURN,FORWARD
746,12:26.0,NO TURN,FORWARD
747,12:27.0,NO TURN,FORWARD
748,12:28.0,NO TURN,FORWARD
749,12:29.0,STOP,STOPPED
750,12:30.0,NO TURN,FORWARD
751,12:31.0,NO TURN,FORWARD
752,12:32.0,NO TURN,FORWARD
753,12:33.0,NO TURN,FORWARD
754,12:34.0,NO TURN,FORWARD
755,12:35.0,NO TURN,FORWARD
756,12:36.0,NO TURN,FORWARD
757,12:37.0,NO TURN,FORWARD
758,12:38.0,NO TURN,FORWARD
759,12:39.0,NO TURN,FORWARD
760,12:40.0,NO TURN,FORWARD
761,12:41.0,NO TURN,FORWARD
762,12:42.0,NO TURN,FORWARD
763,12:43.0,NO TURN,FORWARD
764,12:44.0,NO TURN,FORWARD
765,12:45.0,NO TURN,FORWARD
766,12:46.0,NO TURN,FORWARD
767,12:47.0,NO TURN,FORWARD
768,12:48.0,NO TURN,FORWARD
769,12:49.0,NO TURN,FORWARD
770,12:50.0,NO TURN,FORWARD
771,12:51.0,NO TURN,FORWARD
772,12:52.0,NO TURN,FORWARD
773,12:53.0,NO TURN,FORWARD
774,12:54.0,NO TURN,FORWARD
775,12:55.0,SHALLOW TURN,FORWARD
776,12:56.0,NO TURN,FORWARD
777,12:57.0,NO TURN,FORWARD
778,12:58.0,SHALLOW TURN,FORWARD
779,12:59.0,SHALLOW TURN,FORWARD
780,13:00.0,NO TURN,FORWARD
781,13:01.0,NO TURN,FORWARD
782,13:02.0,NO TURN,FORWARD
783,13:03.0,NO TURN,FORWARD
784,13:04.0,NO TURN,FORWARD
785,13:05.0,SHALLOW TURN,FORWARD
786,13:06.0,SHALLOW TURN,FORWARD
787,13:07.0,SHALLOW TURN,FORWARD
788,13:08.0,SHALLOW TURN,FORWARD
789,13:09.0,NO TURN,FORWARD
790,13:10.0,NO TURN,FORWARD
791,13:11.0,NO TURN,FORWARD
792,13:12.0,NO TURN,FORWARD
793,13:13.0,NO TURN,FORWARD
794,13:14.0,NO TURN,FORWARD
795,13:15.0,NO TURN,FORWARD
796,13:16.0,NO TURN,FORWARD
797,13:17.0,NO TURN,FORWARD
798,13:18.0,NO TURN,FORWARD
799,13:19.0,NO TURN,FORWARD
800,13:20.0,NO TURN,FORWARD
801,13:21.0,NO TURN,FORWARD
802,13:22.0,NO TURN,FORWARD
803,13:23.0,NO TURN,FORWARD
804,13:24.0,NO TURN,FORWARD
805,13:25.0,NO TURN,FORWARD
806,13:26.0,NO TURN,FORWARD
807,13:27.0,NO TURN,FORWARD
808,13:28.0,NO TURN,FORWARD
809,13:29.0,NO TURN,FORWARD
810,13:30.0,REVERSE SHORT,STOPPED
811,13:31.0,REVERSE SHORT,BACKWARD
812,13:32.0,NO TURN,FORWARD
813,13:33.0,STOP,STOPPED
814,13:34.0,STOP,STOPPED
815,13:35.0,STOP,STOPPED
816,13:36.0,SHALLOW TURN,FORWARD
817,13:37.0,SHALLOW TURN,FORWARD
818,13:38.0,NO TURN,FORWARD
819,13:39.0,NO TURN,FORWARD
820,13:40.0,SHALLOW TURN,FORWARD
821,13:41.0,SHALLOW TURN,FORWARD
822,13:42.0,SHALLOW TURN,FORWARD
823,13:43.0,NO TURN,FORWARD
824,13:44.0,NO TURN,FORWARD
825,13:45.0,NO TURN,FORWARD
826,13:46.0,NO TURN,FORWARD
827,13:47.0,NO TURN,FORWARD
828,13:48.0,NO TURN,FORWARD
829,13:49.0,NO TURN,FORWARD
830,13:50.0,NO TURN,FORWARD
831,13:51.0,NO TURN,FORWARD
832,13:52.0,NO TURN,FORWARD
833,13:53.0,NO TURN,FORWARD
834,13:54.0,NO TURN,FORWARD
835,13:55.0,NO TURN,FORWARD
836,13:56.0,NO TURN,FORWARD
837,13:57.0,NO TURN,FORWARD
838,13:58.0,NO TURN,FORWARD
839,13:59.0,NO TURN,FORWARD
840,14:00.0,NO TURN,FORWARD
841,14:01.0,NO TURN,FORWARD
842,14:02.0,NO TURN,FORWARD
843,14:03.0,STOP,STOPPED
844,14:04.0,STOP,STOPPED
845,14:05.0,STOP,STOPPED
846,14:06.0,NO TURN,FORWARD
847,14:07.0,NO TURN,FORWARD
848,14:08.0,NO TURN,FORWARD
849,14:09.0,NO TURN,FORWARD
850,14:10.0,NO TURN,FORWARD
851,14:11.0,NO TURN,FORWARD
852,14:12.0,NO TURN,FORWARD
853,14:13.0,NO TURN,FORWARD
854,14:14.0,REVERSE SHORT,STOPPED
855,14:15.0,REVERSE SHORT,BACKWARD
856,14:16.0,REVERSE SHORT,STOPPED
857,14:17.0,SHALLOW TURN,FORWARD
858,14:18.0,SHALLOW TURN,FORWARD
859,14:19.0,NO TURN,FORWARD
860,14:20.0,NO TURN,FORWARD
861,14:21.0,NO TURN,FORWARD
862,14:22.0,NO TURN,FORWARD
863,14:23.0,NO TURN,FORWARD
864,14:24.0,NO TURN,FORWARD
865,14:25.0,NO TURN,FORWARD
866,14:26.0,NO TURN,FORWARD
867,14:27.0,NO TURN,FORWARD
868,14:28.0,NO TURN,FORWARD
869,14:29.0,NO TURN,FORWARD
870,14:30.0,NO TURN,FORWARD
871,14:31.0,NO TURN,FORWARD
872,14:32.0,NO TURN,FORWARD
873,14:33.0,NO TURN,FORWARD
874,14:34.0,NO TURN,FORWARD
875,14:35.0,NO TURN,FORWARD
876,14:36.0,NO TURN,FORWARD
877,14:37.0,NO TURN,FORWARD
878,14:38.0,REVERSE LONG,STOPPED
879,14:39.0,REVERSE LONG,STOPPED
880,14:40.0,REVERSE LONG,BACKWARD
881,14:41.0,REVERSE LONG,BACKWARD
882,14:42.0,REVERSE LONG,BACKWARD
883,14:43.0,SHARP TURN,FORWARD
884,14:44.0,SHARP TURN,FORWARD
885,14:45.0,SHARP TURN,FORWARD
886,14:46.0,NO TURN,FORWARD
887,14:47.0,SHARP TURN,FORWARD
888,14:48.0,SHARP TURN,FORWARD
889,14:49.0,NO TURN,FORWARD
890,14:50.0,NO TURN,FORWARD
891,14:51.0,NO TURN,FORWARD
892,14:52.0,NO TURN,FORWARD
893,14:53.0,NO TURN,FORWARD
894,14:54.0,NO TURN,FORWARD
895,14:55.0,NO TURN,FORWARD
896,14:56.0,NO TURN,FORWARD
897,14:57.0,NO TURN,FORWARD
898,14:58.0,NO TURN,FORWARD
899,14:59.0,NO TURN,FORWARD
900,15:00.0,NO TURN,FORWARD
901,15:01.0,NO TURN,FORWARD
902,15:02.0,NO TURN,FORWARD
903,15:03.0,NO TURN,FORWARD
904,15:04.0,NO TURN,FORWARD
905,15:05.0,NO TURN,FORWARD
906,15:06.0,NO TURN,FORWARD
907,15:07.0,NO TURN,FORWARD
908,15:08.0,NO TURN,FORWARD
909,15:09.0,NO TURN,FORWARD
910,15:10.0,NO TURN,FORWARD
911,15:11.0,NO TURN,FORWARD
912,15:12.0,NO TURN,FORWARD
913,15:13.0,NO TURN,FORWARD
914,15:14.0,NO TURN,FORWARD
915,15:15.0,NO TURN,FORWARD
916,15:16.0,NO TURN,FORWARD
917,15:17.0,NO TURN,FORWARD
918,15:18.0,NO TURN,FORWARD
919,15:19.0,STOP,STOPPED
920,15:20.0,NO TURN,FORWARD
921,15:21.0,NO TURN,FORWARD
922,15:22.0,NO TURN,FORWARD
923,15:23.0,NO TURN,FORWARD
924,15:24.0,NO TURN,FORWARD
925,15:25.0,NO TURN,FORWARD
926,15:26.0,NO TURN,FORWARD
927,15:27.0,NO TURN,FORWARD
928,15:28.0,NO TURN,FORWARD
929,15:29.0,NO TURN,FORWARD
930,15:30.0,NO TURN,FORWARD
931,15:31.0,NO TURN,FORWARD
932,15:32.0,NO TURN,FORWARD
933,15:33.0,NO TURN,FORWARD
934,15:34.0,SHALLOW TURN,FORWARD
935,15:35.0,SHALLOW TURN,FORWARD
936,15:36.0,NO TURN,FORWARD
937,15:37.0,STOP,STOPPED
938,15:38.0,SHARP TURN,FORWARD
939,15:39.0,SHARP TURN,FORWARD
940,15:40.0,SHARP TURN,FORWARD
941,15:41.0,NO TURN,FORWARD
942,15:42.0,NO TURN,FORWARD
943,15:43.0,NO TURN,FORWARD
944,15:44.0,NO TURN,FORWARD
945,15:45.0,NO TURN,FORWARD
946,15:46.0,NO TURN,FORWARD
947,15:47.0,NO TURN,FORWARD
948,15:48.0,NO TURN,FORWARD
949,15:49.0,NO TURN,FORWARD
950,15:50.0,NO TURN,FORWARD
951,15:51.0,NO TURN,FORWARD
952,15:52.0,NO TURN,FORWARD
953,15:53.0,NO TURN,FORWARD
954,15:54.0,NO TURN,FORWARD
955,15:55.0,NO TURN,FORWARD
956,15:56.0,NO TURN,FORWARD
957,15:57.0,NO TURN,FORWARD
958,15:58.0,NO TURN,FORWARD
959,15:59.0,NO TURN,FORWARD
960,16:00.0,STOP,STOPPED
961,16:01.0,STOP,STOPPED
962,16:02.0,NO TURN,FORWARD
963,16:03.0,NO TURN,FORWARD
964,16:04.0,NO TURN,FORWARD
965,16:05.0,NO TURN,FORWARD
966,16:06.0,NO TURN,FORWARD
967,16:07.0,NO TURN,FORWARD
968,16:08.0,NO TURN,FORWARD
969,16:09.0,NO TURN,FORWARD
970,16:10.0,NO TURN,FORWARD
971,16:11.0,NO TURN,FORWARD
972,16:12.0,NO TURN,FORWARD
973,16:13.0,REVERSE LONG,BACKWARD
974,16:14.0,REVERSE LONG,BACKWARD
975,16:15.0,REVERSE LONG,BACKWARD
976,16:16.0,REVERSE LONG,BACKWARD
977,16:17.0,REVERSE LONG,BACKWARD
978,16:18.0,SHARP TURN,FORWARD
979,16:19.0,SHARP TURN,FORWARD
980,16:20.0,NO TURN,FORWARD
981,16:21.0,NO TURN,FORWARD
982,16:22.0,NO TURN,FORWARD
983,16:23.0,NO TURN,FORWARD
984,16:24.0,NO TURN,FORWARD
985,16:25.0,NO TURN,FORWARD
986,16:26.0,NO TURN,FORWARD
987,16:27.0,NO TURN,FORWARD
988,16:28.0,NO TURN,FORWARD
989,16:29.0,NO TURN,FORWARD
990,16:30.0,NO TURN,FORWARD
991,16:31.0,NO TURN,FORWARD
992,16:32.0,NO TURN,FORWARD
993,16:33.0,NO TURN,FORWARD
994,16:34.0,NO TURN,FORWARD
995,16:35.0,NO TURN,FORWARD
996,16:36.0,NO TURN,FORWARD
997,16:37.0,SHALLOW TURN,FORWARD
998,16:38.0,SHALLOW TURN,FORWARD
999,16:39.0,NO TURN,FORWARD
1000,16:40.0,NO TURN,FORWARD
1001,16:41.0,NO TURN,FORWARD
1002,16:42.0,NO TURN,FORWARD
1003,16:43.0,NO TURN,FORWARD
1004,16:44.0,STOP,STOPPED
1005,16:45.0,NO TURN,FORWARD
1006,16:46.0,NO TURN,FORWARD
1007,16:47.0,NO TURN,FORWARD
1008,16:48.0,NO TURN,FORWARD
1009,16:49.0,NO TURN,FORWARD
1010,16:50.0,STOP,STOPPED
1011,16:51.0,STOP,STOPPED
1012,16:52.0,STOP,STOPPED
1013,16:53.0,NO TURN,FORWARD
1014,16:54.0,NO TURN,FORWARD
1015,16:55.0,NO TURN,FORWARD
1016,16:56.0,NO TURN,FORWARD
1017,16:57.0,NO TURN,FORWARD
1018,16:58.0,NO TURN,FORWARD
1019,16:59.0,NO TURN,FORWARD
1020,17:00.0,NO TURN,FORWARD
1021,17:01.0,NO TURN,FORWARD
1022,17:02.0,NO TURN,FORWARD
1023,17:03.0,SHALLOW TURN,FORWARD
1024,17:04.0,SHALLOW TURN,FORWARD
1025,17:05.0,NO TURN,FORWARD
1026,17:06.0,NO TURN,FORWARD
1027,17:07.0,NO TURN,FORWARD
1028,17:08.0,NO TURN,FORWARD
1029,17:09.0,NO TURN,FORWARD
1030,17:10.0,NO TURN,FORWARD
1031,17:11.0,NO TURN,FORWARD
1032,17:12.0,NO TURN,FORWARD
1033,17:13.0,NO TURN,FORWARD
1034,17:14.0,NO TURN,FORWARD
1035,17:15.0,NO TURN,FORWARD
1036,17:16.0,NO TURN,FORWARD
1037,17:17.0,NO TURN,FORWARD
1038,17:18.0,NO TURN,FORWARD
1039,17:19.0,NO TURN,FORWARD
1040,17:20.0,NO TURN,FORWARD
1041,17:21.0,NO TURN,FORWARD
1042,17:22.0,NO TURN,FORWARD
1043,17:23.0,NO TURN,FORWARD
1044,17:24.0,NO TURN,FORWARD
1045,17:25.0,NO TURN,FORWARD
1046,17:26.0,NO TURN,FORWARD
1047,17:27.0,NO TURN,FORWARD
1048,17:28.0,NO TURN,FORWARD
1049,17:29.0,NO TURN,FORWARD
1050,17:30.0,NO TURN,FORWARD
1051,17:31.0,SHALLOW TURN,FORWARD
1052,17:32.0,SHALLOW TURN,FORWARD
1053,17:33.0,SHALLOW TURN,FORWARD
1054,17:34.0,NO TURN,FORWARD
1055,17:35.0,NO TURN,FORWARD
1056,17:36.0,NO TURN,FORWARD
1057,17:37.0,NO TURN,FORWARD
1058,17:38.0,NO TURN,FORWARD
1059,17:39.0,NO TURN,FORWARD
1060,17:40.0,NO TURN,FORWARD
1061,17:41.0,NO TURN,FORWARD
1062,17:42.0,NO TURN,FORWARD
1063,17:43.0,NO TURN,FORWARD
1064,17:44.0,NO TURN,FORWARD
1065,17:45.0,NO TURN,FORWARD
1066,17:46.0,NO TURN,FORWARD
1067,17:47.0,NO TURN,FORWARD
1068,17:48.0,SHALLOW TURN,FORWARD
1069,17:49.0,SHALLOW TURN,FORWARD
1070,17:50.0,SHALLOW TURN,FORWARD
1071,17:51.0,NO TURN,FORWARD
1072,17:52.0,NO TURN,FORWARD
1073,17:53.0,NO TURN,FORWARD
1074,17:54.0,NO TURN,FORWARD
1075,17:55.0,NO TURN,FORWARD
1076,17:56.0,NO TURN,FORWARD
1077,17:57.0,NO TURN,FORWARD
1078,17:58.0,NO TURN,FORWARD
1079,17:59.0,SHALLOW TURN,FORWARD
1080,18:00.0,SHALLOW TURN,FORWARD
1081,18:01.0,SHALLOW TURN,FORWARD
1082,18:02.0,NO TURN,FORWARD
1083,18:03.0,NO TURN,FORWARD
1084,18:04.0,NO TURN,FORWARD
1085,18:05.0,NO TURN,FORWARD
1086,18:06.0,NO TURN,FORWARD
1087,18:07.0,NO TURN,FORWARD
1088,18:08.0,NO TURN,FORWARD
1089,18:09.0,NO TURN,FORWARD
1090,18:10.0,NO TURN,FORWARD
1091,18:11.0,NO TURN,FORWARD
1092,18:12.0,NO TURN,FORWARD
1093,18:13.0,NO TURN,FORWARD
1094,18:14.0,NO TURN,FORWARD
1095,18:15.0,NO TURN,FORWARD
1096,18:16.0,NO TURN,FORWARD
1097,18:17.0,NO TURN,FORWARD
1098,18:18.0,NO TURN,FORWARD
1099,18:19.0,NO TURN,FORWARD
1100,18:20.0,NO TURN,FORWARD
1101,18:21.0,NO TURN,FORWARD
1102,18:22.0,NO TURN,FORWARD
1103,18:23.0,NO TURN,FORWARD
1104,18:24.0,SHALLOW TURN,FORWARD
1105,18:25.0,SHALLOW TURN,FORWARD
1106,18:26.0,NO TURN,FORWARD
1107,18:27.0,NO TURN,FORWARD
1108,18:28.0,NO TURN,FORWARD
1109,18:29.0,NO TURN,FORWARD
1110,18:30.0,NO TURN,FORWARD
1111,18:31.0,NO TURN,FORWARD
1112,18:32.0,SHALLOW TURN,FORWARD
1113,18:33.0,SHALLOW TURN,FORWARD
1114,18:34.0,NO TURN,FORWARD
1115,18:35.0,NO TURN,FORWARD
1116,18:36.0,NO TURN,FORWARD
1117,18:37.0,STOP,STOPPED
1118,18:38.0,NO TURN,FORWARD
1119,18:39.0,REVERSE SHORT,STOPPED
1120,18:40.0,REVERSE SHORT,BACKWARD
1121,18:41.0,NO TURN,FORWARD
1122,18:42.0,NO TURN,FORWARD
1123,18:43.0,STOP,STOPPED
1124,18:44.0,STOP,STOPPED
1125,18:45.0,NO TURN,FORWARD
1126,18:46.0,NO TURN,FORWARD
1127,18:47.0,NO TURN,FORWARD
1128,18:48.0,STOP,STOPPED
1129,18:49.0,NO TURN,FORWARD
1130,18:50.0,NO TURN,FORWARD
1131,18:51.0,STOP,STOPPED
1132,18:52.0,STOP,STOPPED
1133,18:53.0,STOP,STOPPED
1134,18:54.0,NO TURN,FORWARD
1135,18:55.0,NO TURN,FORWARD
1136,18:56.0,REVERSE LONG,BACKWARD
1137,18:57.0,REVERSE LONG,BACKWARD
1138,18:58.0,REVERSE LONG,BACKWARD
1139,18:59.0,REVERSE LONG,BACKWARD
1140,19:00.0,SHARP TURN,FORWARD
1141,19:01.0,SHARP TURN,FORWARD
1142,19:02.0,SHARP TURN,FORWARD
1143,19:03.0,SHARP TURN,FORWARD
1144,19:04.0,SHARP TURN,FORWARD
1145,19:05.0,NO TURN,FORWARD
1146,19:06.0,NO TURN,FORWARD
1147,19:07.0,NO TURN,FORWARD
1148,19:08.0,NO TURN,FORWARD
1149,19:09.0,NO TURN,FORWARD
1150,19:10.0,NO TURN,FORWARD
1151,19:11.0,NO TURN,FORWARD
1152,19:12.0,NO TURN,FORWARD
1153,19:13.0,NO TURN,FORWARD
1154,19:14.0,NO TURN,FORWARD
1155,19:15.0,NO TURN,FORWARD
1156,19:16.0,NO TURN,FORWARD
1157,19:17.0,NO TURN,FORWARD
1158,19:18.0,NO TURN,FORWARD
1159,19:19.0,REVERSE SHORT,STOPPED
1160,19:20.0,REVERSE SHORT,STOPPED
1161,19:21.0,REVERSE SHORT,BACKWARD
1162,19:22.0,SHARP TURN,FORWARD
1163,19:23.0,SHARP TURN,FORWARD
1164,19:24.0,SHARP TURN,FORWARD
1165,19:25.0,NO TURN,FORWARD
1166,19:26.0,NO TURN,FORWARD
1167,19:27.0,NO TURN,FORWARD
1168,19:28.0,NO TURN,FORWARD
1169,19:29.0,NO TURN,FORWARD
1170,19:30.0,STOP,STOPPED
1171,19:31.0,NO TURN,FORWARD
1172,19:32.0,NO TURN,FORWARD
1173,19:33.0,NO TURN,FORWARD
1174,19:34.0,SHALLOW TURN,FORWARD
1175,19:35.0,NO TURN,FORWARD
1176,19:36.0,NO TURN,FORWARD
1177,19:37.0,NO TURN,FORWARD
1178,19:38.0,NO TURN,FORWARD
1179,19:39.0,NO TURN,FORWARD
1180,19:40.0,NO TURN,FORWARD
1181,19:41.0,NO TURN,FORWARD
1182,19:42.0,NO TURN,FORWARD
1183,19:43.0,REVERSE SHORT,STOPPED
1184,19:44.0,REVERSE SHORT,BACKWARD
1185,19:45.0,NO TURN,FORWARD
1186,19:46.0,SHALLOW TURN,FORWARD
1187,19:47.0,NO TURN,FORWARD
1188,19:48.0,NO TURN,FORWARD
1189,19:49.0,REVERSE SHORT,STOPPED
1190,19:50.0,REVERSE SHORT,BACKWARD
1191,19:51.0,NO TURN,FORWARD
1192,19:52.0,STOP,STOPPED
1193,19:53.0,STOP,STOPPED
1194,19:54.0,NO TURN,FORWARD
1195,19:55.0,NO TURN,FORWARD
1196,19:56.0,NO TURN,FORWARD
1197,19:57.0,NO TURN,FORWARD
1198,19:58.0,NO TURN,FORWARD
1199,19:59.0,NO TURN,FORWARD
1200,20:00.0,NO TURN,FORWARD
1201,20:01.0,NO TURN,FORWARD
1202,20:02.0,NO TURN,FORWARD
1203,20:03.0,NO TURN,FORWARD
1204,20:04.0,NO TURN,FORWARD
1205,20:05.0,REVERSE SHORT,STOPPED
1206,20:06.0,REVERSE SHORT,STOPPED
1207,20:07.0,REVERSE SHORT,BACKWARD
1208,20:08.0,NO TURN,FORWARD
1209,20:09.0,SHARP TURN,FORWARD
1210,20:10.0,SHARP TURN,FORWARD
1211,20:11.0,NO TURN,FORWARD
1212,20:12.0,REVERSE SHORT,BACKWARD
1213,20:13.0,SHARP TURN,FORWARD
1214,20:14.0,SHARP TURN,FORWARD
1215,20:15.0,SHARP TURN,FORWARD
1216,20:16.0,SHARP TURN,FORWARD
1217,20:17.0,REVERSE LONG,BACKWARD
1218,20:18.0,REVERSE LONG,BACKWARD
1219,20:19.0,REVERSE LONG,BACKWARD
1220,20:20.0,REVERSE LONG,BACKWARD
1221,20:21.0,REVERSE LONG,BACKWARD
1222,20:22.0,SHARP TURN,FORWARD
1223,20:23.0,SHARP TURN,FORWARD
1224,20:24.0,SHARP TURN,FORWARD
1225,20:25.0,NO TURN,FORWARD
1226,20:26.0,NO TURN,FORWARD
1227,20:27.0,NO TURN,FORWARD
1228,20:28.0,NO TURN,FORWARD
1229,20:29.0,SHALLOW TURN,FORWARD
1230,20:30.0,SHALLOW TURN,FORWARD
1231,20:31.0,SHALLOW TURN,FORWARD
1232,20:32.0,NO TURN,FORWARD
1233,20:33.0,NO TURN,FORWARD
1234,20:34.0,NO TURN,FORWARD
1235,20:35.0,NO TURN,FORWARD
1236,20:36.0,NO TURN,FORWARD
1237,20:37.0,NO TURN,FORWARD
1238,20:38.0,NO TURN,FORWARD
1239,20:39.0,NO TURN,FORWARD
1240,20:40.0,NO TURN,FORWARD
1241,20:41.0,NO TURN,FORWARD
1242,20:42.0,NO TURN,FORWARD
1243,20:43.0,NO TURN,FORWARD
1244,20:44.0,NO TURN,FORWARD
1245,20:45.0,NO TURN,FORWARD
1246,20:46.0,NO TURN,FORWARD
1247,20:47.0,SHALLOW TURN,FORWARD
1248,20:48.0,SHALLOW TURN,FORWARD
1249,20:49.0,SHALLOW TURN,FORWARD
1250,20:50.0,NO TURN,FORWARD
1251,20:51.0,NO TURN,FORWARD
1252,20:52.0,NO TURN,FORWARD
1253,20:53.0,NO TURN,FORWARD
1254,20:54.0,NO TURN,FORWARD
1255,20:55.0,NO TURN,FORWARD
1256,20:56.0,NO TURN,FORWARD
1257,20:57.0,NO TURN,FORWARD
1258,20:58.0,NO TURN,FORWARD
1259,20:59.0,NO TURN,FORWARD
1260,21:00.0,NO TURN,FORWARD
1261,21:01.0,NO TURN,FORWARD
1262,21:02.0,NO TURN,FORWARD
1263,21:03.0,NO TURN,FORWARD
1264,21:04.0,NO TURN,FORWARD
1265,21:05.0,NO TURN,FORWARD
1266,21:06.0,NO TURN,FORWARD
1267,21:07.0,SHALLOW TURN,FORWARD
1268,21:08.0,SHALLOW TURN,FORWARD
1269,21:09.0,SHALLOW TURN,FORWARD
1270,21:10.0,NO TURN,FORWARD
1271,21:11.0,NO TURN,FORWARD
1272,21:12.0,NO TURN,FORWARD
1273,21:13.0,SHALLOW TURN,FORWARD
1274,21:14.0,SHALLOW TURN,FORWARD
1275,21:15.0,SHALLOW TURN,FORWARD
1276,21:16.0,SHALLOW TURN,FORWARD
1277,21:17.0,NO TURN,FORWARD
1278,21:18.0,NO TURN,FORWARD
1279,21:19.0,NO TURN,FORWARD
1280,21:20.0,NO TURN,FORWARD
1281,21:21.0,NO TURN,FORWARD
1282,21:22.0,NO TURN,FORWARD
1283,21:23.0,NO TURN,FORWARD
1284,21:24.0,NO TURN,FORWARD
1285,21:25.0,NO TURN,FORWARD
1286,21:26.0,NO TURN,FORWARD
1287,21:27.0,SHALLOW TURN,FORWARD
1288,21:28.0,SHALLOW TURN,FORWARD
1289,21:29.0,SHALLOW TURN,FORWARD
1290,21:30.0,SHALLOW TURN,FORWARD
1291,21:31.0,NO TURN,FORWARD
1292,21:32.0,REVERSE SHORT,STOPPED
1293,21:33.0,REVERSE SHORT,STOPPED
1294,21:34.0,REVERSE SHORT,BACKWARD
1295,21:35.0,REVERSE SHORT,STOPPED
1296,21:36.0,REVERSE SHORT,STOPPED
1297,21:37.0,NO TURN,FORWARD
1298,21:38.0,NO TURN,FORWARD
1299,21:39.0,NO TURN,FORWARD
1300,21:40.0,NO TURN,FORWARD
1301,21:41.0,NO TURN,FORWARD
1302,21:42.0,NO TURN,FORWARD
1303,21:43.0,NO TURN,FORWARD
1304,21:44.0,SHALLOW TURN,FORWARD
1305,21:45.0,NO TURN,FORWARD
1306,21:46.0,NO TURN,FORWARD
1307,21:47.0,NO TURN,FORWARD
1308,21:48.0,NO TURN,FORWARD
1309,21:49.0,NO TURN,FORWARD
1310,21:50.0,NO TURN,FORWARD
1311,21:51.0,NO TURN,FORWARD
1312,21:52.0,NO TURN,FORWARD
1313,21:53.0,NO TURN,FORWARD
1314,21:54.0,NO TURN,FORWARD
1315,21:55.0,NO TURN,FORWARD
1316,21:56.0,STOP,STOPPED
1317,21:57.0,SHALLOW TURN,FORWARD
1318,21:58.0,SHALLOW TURN,FORWARD
1319,21:59.0,SHALLOW TURN,FORWARD
1320,22:00.0,NO TURN,FORWARD
1321,22:01.0,NO TURN,FORWARD
1322,22:02.0,NO TURN,FORWARD
1323,22:03.0,NO TURN,FORWARD
1324,22:04.0,NO TURN,FORWARD
1325,22:05.0,NO TURN,FORWARD
1326,22:06.0,NO TURN,FORWARD
1327,22:07.0,NO TURN,FORWARD
1328,22:08.0,NO TURN,FORWARD
1329,22:09.0,SHALLOW TURN,FORWARD
1330,22:10.0,NO TURN,FORWARD
1331,22:11.0,NO TURN,FORWARD
1332,22:12.0,NO TURN,FORWARD
1333,22:13.0,NO TURN,FORWARD
1334,22:14.0,NO TURN,FORWARD
1335,22:15.0,NO TURN,FORWARD
1336,22:16.0,NO TURN,FORWARD
1337,22:17.0,NO TURN,FORWARD
1338,22:18.0,NO TURN,FORWARD
1339,22:19.0,NO TURN,FORWARD
1340,22:20.0,NO TURN,FORWARD
1341,22:21.0,NO TURN,FORWARD
1342,22:22.0,NO TURN,FORWARD
1343,22:23.0,NO TURN,FORWARD
1344,22:24.0,NO TURN,FORWARD
1345,22:25.0,NO TURN,FORWARD
1346,22:26.0,NO TURN,FORWARD
1347,22:27.0,NO TURN,FORWARD
1348,22:28.0,NO TURN,FORWARD
1349,22:29.0,NO TURN,FORWARD
1350,22:30.0,NO TURN,FORWARD
1351,22:31.0,NO TURN,FORWARD
1352,22:32.0,NO TURN,FORWARD
1353,22:33.0,NO TURN,FORWARD
1354,22:34.0,NO TURN,FORWARD
1355,22:35.0,NO TURN,FORWARD
1356,22:36.0,NO TURN,FORWARD
1357,22:37.0,NO TURN,FORWARD
1358,22:38.0,NO TURN,FORWARD
1359,22:39.0,NO TURN,FORWARD
1360,22:40.0,NO TURN,FORWARD
1361,22:41.0,NO TURN,FORWARD
1362,22:42.0,NO TURN,FORWARD
1363,22:43.0,NO TURN,FORWARD
1364,22:44.0,NO TURN,FORWARD
1365,22:45.0,NO TURN,FORWARD
1366,22:46.0,NO TURN,FORWARD
1367,22:47.0,NO TURN,FORWARD
1368,22:48.0,NO TURN,FORWARD
1369,22:49.0,NO TURN,FORWARD
1370,22:50.0,NO TURN,FORWARD
1371,22:51.0,NO TURN,FORWARD
1372,22:52.0,NO TURN,FORWARD
1373,22:53.0,NO TURN,FORWARD
1374,22:54.0,NO TURN,FORWARD
1375,22:55.0,NO TURN,FORWARD
1376,22:56.0,NO TURN,FORWARD
1377,22:57.0,NO TURN,FORWARD
1378,22:58.0,NO TURN,FORWARD
1379,22:59.0,NO TURN,FORWARD
1380,23:00.0,NO TURN,FORWARD
1381,23:01.0,NO TURN,FORWARD
1382,23:02.0,NO TURN,FORWARD
1383,23:03.0,NO TURN,FORWARD
1384,23:04.0,NO TURN,FORWARD
1385,23:05.0,NO TURN,FORWARD
1386,23:06.0,NO TURN,FORWARD
1387,23:07.0,REVERSE LONG,STOPPED
1388,23:08.0,REVERSE LONG,BACKWARD
1389,23:09.0,REVERSE LONG,BACKWARD
1390,23:10.0,REVERSE LONG,BACKWARD
1391,23:11.0,REVERSE LONG,BACKWARD
1392,23:12.0,REVERSE LONG,STOPPED
1393,23:13.0,SHALLOW TURN,FORWARD
1394,23:14.0,SHALLOW TURN,FORWARD
1395,23:15.0,SHALLOW TURN,FORWARD
1396,23:16.0,SHALLOW TURN,FORWARD
1397,23:17.0,NO TURN,FORWARD
1398,23:18.0,NO TURN,FORWARD
1399,23:19.0,NO TURN,FORWARD
1400,23:20.0,NO TURN,FORWARD
1401,23:21.0,NO TURN,FORWARD
1402,23:22.0,REVERSE LONG,BACKWARD
1403,23:23.0,REVERSE LONG,BACKWARD
1404,23:24.0,REVERSE LONG,BACKWARD
1405,23:25.0,REVERSE LONG,BACKWARD
1406,23:26.0,SHARP TURN,FORWARD
1407,23:27.0,SHARP TURN,FORWARD
1408,23:28.0,SHARP TURN,FORWARD
1409,23:29.0,NO TURN,FORWARD
1410,23:30.0,REVERSE LONG,BACKWARD
1411,23:31.0,REVERSE LONG,BACKWARD
1412,23:32.0,REVERSE LONG,BACKWARD
1413,23:33.0,SHARP TURN,FORWARD
1414,23:34.0,SHARP TURN,FORWARD
1415,23:35.0,SHARP TURN,FORWARD
1416,23:36.0,NO TURN,FORWARD
1417,23:37.0,NO TURN,FORWARD
1418,23:38.0,NO TURN,FORWARD
1419,23:39.0,NO TURN,FORWARD
1420,23:40.0,NO TURN,FORWARD
1421,23:41.0,NO TURN,FORWARD
1422,23:42.0,NO TURN,FORWARD
1423,23:43.0,NO TURN,FORWARD
1424,23:44.0,NO TURN,FORWARD
1425,23:45.0,NO TURN,FORWARD
1426,23:46.0,NO TURN,FORWARD
1427,23:47.0,NO TURN,FORWARD
1428,23:48.0,NO TURN,FORWARD
1429,23:49.0,NO TURN,FORWARD
1430,23:50.0,NO TURN,FORWARD
1431,23:51.0,NO TURN,FORWARD
1432,23:52.0,NO TURN,FORWARD
1433,23:53.0,NO TURN,FORWARD
1434,23:54.0,NO TURN,FORWARD
1435,23:55.0,NO TURN,FORWARD
1436,23:56.0,NO TURN,FORWARD
1437,23:57.0,NO TURN,FORWARD
1438,23:58.0,SHALLOW TURN,FORWARD
1439,23:59.0,SHALLOW TURN,FORWARD
1440,24:00.0,SHALLOW TURN,FORWARD
1441,24:01.0,NO TURN,FORWARD
1442,24:02.0,NO TURN,FORWARD
1443,24:03.0,NO TURN,FORWARD
1444,24:04.0,STOP,STOPPED
1445,24:05.0,STOP,STOPPED
1446,24:06.0,NO TURN,FORWARD
1447,24:07.0,STOP,STOPPED
1448,24:08.0,NO TURN,FORWARD
1449,24:09.0,NO TURN,FORWARD
1450,24:10.0,NO TURN,FORWARD
1451,24:11.0,NO TURN,FORWARD
1452,24:12.0,NO TURN,FORWARD
1453,24:13.0,NO TURN,FORWARD
1454,24:14.0,NO TURN,FORWARD
1455,24:15.0,NO TURN,FORWARD
1456,24:16.0,NO TURN,FORWARD
1457,24:17.0,NO TURN,FORWARD
1458,24:18.0,NO TURN,FORWARD
1459,24:19.0,NO TURN,FORWARD
1460,24:20.0,NO TURN,FORWARD
1461,24:21.0,NO TURN,FORWARD
1462,24:22.0,STOP,STOPPED
1463,24:23.0,NO TURN,FORWARD
1464,24:24.0,NO TURN,FORWARD
1465,24:25.0,STOP,STOPPED
1466,24:26.0,SHALLOW TURN,FORWARD
1467,24:27.0,SHALLOW TURN,FORWARD
1468,24:28.0,NO TURN,FORWARD
1469,24:29.0,NO TURN,FORWARD
1470,24:30.0,NO TURN,FORWARD
1471,24:31.0,NO TURN,FORWARD
1472,24:32.0,NO TURN,FORWARD
1473,24:33.0,NO TURN,FORWARD
1474,24:34.0,NO TURN,FORWARD
1475,24:35.0,SHALLOW TURN,FORWARD
1476,24:36.0,SHALLOW TURN,FORWARD
1477,24:37.0,NO TURN,FORWARD
1478,24:38.0,NO TURN,FORWARD
1479,24:39.0,NO TURN,FORWARD
1480,24:40.0,NO TURN,FORWARD
1481,24:41.0,NO TURN,FORWARD
1482,24:42.0,NO TURN,FORWARD
1483,24:43.0,NO TURN,FORWARD
1484,24:44.0,STOP,STOPPED
1485,24:45.0,STOP,STOPPED
1486,24:46.0,NO TURN,FORWARD
1487,24:47.0,NO TURN,FORWARD
1488,24:48.0,NO TURN,FORWARD
1489,24:49.0,NO TURN,FORWARD
1490,24:50.0,NO TURN,FORWARD
1491,24:51.0,SHALLOW TURN,FORWARD
1492,24:52.0,SHALLOW TURN,FORWARD
1493,24:53.0,SHALLOW TURN,FORWARD
1494,24:54.0,NO TURN,FORWARD
1495,24:55.0,NO TURN,FORWARD
1496,24:56.0,NO TURN,FORWARD
1497,24:57.0,NO TURN,FORWARD
1498,24:58.0,NO TURN,FORWARD
1499,24:59.0,NO TURN,FORWARD
1500,25:00.0,NO TURN,FORWARD
1501,25:01.0,NO TURN,FORWARD
1502,25:02.0,NO TURN,FORWARD
1503,25:03.0,NO TURN,FORWARD
1504,25:04.0,NO TURN,FORWARD
1505,25:05.0,NO TURN,FORWARD
1506,25:06.0,NO TURN,FORWARD
1507,25:07.0,NO TURN,FORWARD
1508,25:08.0,NO TURN,FORWARD
1509,25:09.0,NO TURN,FORWARD
1510,25:10.0,NO TURN,FORWARD
1511,25:11.0,NO TURN,FORWARD
1512,25:12.0,NO TURN,FORWARD
1513,25:13.0,NO TURN,FORWARD
1514,25:14.0,NO TURN,FORWARD
1515,25:15.0,SHALLOW TURN,FORWARD
1516,25:16.0,SHALLOW TURN,FORWARD
1517,25:17.0,SHALLOW TURN,FORWARD
1518,25:18.0,NO TURN,FORWARD
1519,25:19.0,NO TURN,FORWARD
1520,25:20.0,NO TURN,FORWARD
1521,25:21.0,NO TURN,FORWARD
1522,25:22.0,NO TURN,FORWARD
1523,25:23.0,NO TURN,FORWARD
1524,25:24.0,NO TURN,FORWARD
1525,25:25.0,NO TURN,FORWARD
1526,25:26.0,NO TURN,FORWARD
1527,25:27.0,NO TURN,FORWARD
1528,25:28.0,NO TURN,FORWARD
1529,25:29.0,NO TURN,FORWARD
1530,25:30.0,REVERSE LONG,BACKWARD
1531,25:31.0,REVERSE LONG,BACKWARD
1532,25:32.0,REVERSE LONG,BACKWARD
1533,25:33.0,REVERSE LONG,STOPPED
1534,25:34.0,NO TURN,FORWARD
1535,25:35.0,NO TURN,FORWARD
1536,25:36.0,REVERSE SHORT,STOPPED
1537,25:37.0,REVERSE SHORT,STOPPED
1538,25:38.0,REVERSE SHORT,BACKWARD
1539,25:39.0,SHARP TURN,FORWARD
1540,25:40.0,SHARP TURN,FORWARD
1541,25:41.0,SHARP TURN,FORWARD
1542,25:42.0,NO TURN,FORWARD
1543,25:43.0,NO TURN,FORWARD
1544,25:44.0,NO TURN,FORWARD
1545,25:45.0,NO TURN,FORWARD
1546,25:46.0,NO TURN,FORWARD
1547,25:47.0,NO TURN,FORWARD
1548,25:48.0,NO TURN,FORWARD
1549,25:49.0,NO TURN,FORWARD
1550,25:50.0,NO TURN,FORWARD
1551,25:51.0,NO TURN,FORWARD
1552,25:52.0,NO TURN,FORWARD
1553,25:53.0,NO TURN,FORWARD
1554,25:54.0,NO TURN,FORWARD
1555,25:55.0,NO TURN,FORWARD
1556,25:56.0,NO TURN,FORWARD
1557,25:57.0,NO TURN,FORWARD
1558,25:58.0,NO TURN,FORWARD
1559,25:59.0,NO TURN,FORWARD
1560,26:00.0,SHALLOW TURN,FORWARD
1561,26:01.0,SHALLOW TURN,FORWARD
1562,26:02.0,SHALLOW TURN,FORWARD
1563,26:03.0,NO TURN,FORWARD
1564,26:04.0,NO TURN,FORWARD
1565,26:05.0,NO TURN,FORWARD
1566,26:06.0,NO TURN,FORWARD
1567,26:07.0,NO TURN,FORWARD
1568,26:08.0,NO TURN,FORWARD
1569,26:09.0,NO TURN,FORWARD
1570,26:10.0,NO TURN,FORWARD
1571,26:11.0,NO TURN,FORWARD
1572,26:12.0,NO TURN,FORWARD
1573,26:13.0,NO TURN,FORWARD
1574,26:14.0,NO TURN,FORWARD
1575,26:15.0,NO TURN,FORWARD
1576,26:16.0,NO TURN,FORWARD
1577,26:17.0,NO TURN,FORWARD
1578,26:18.0,NO TURN,FORWARD
1579,26:19.0,NO TURN,FORWARD
1580,26:20.0,NO TURN,FORWARD
1581,26:21.0,NO TURN,FORWARD
1582,26:22.0,NO TURN,FORWARD
1583,26:23.0,NO TURN,FORWARD
1584,26:24.0,NO TURN,FORWARD
1585,26:25.0,NO TURN,FORWARD
1586,26:26.0,NO TURN,FORWARD
1587,26:27.0,NO TURN,FORWARD
1588,26:28.0,NO TURN,FORWARD
1589,26:29.0,NO TURN,FORWARD
1590,26:30.0,NO TURN,FORWARD
1591,26:31.0,NO TURN,FORWARD
1592,26:32.0,NO TURN,FORWARD
1593,26:33.0,SHALLOW TURN,FORWARD
1594,26:34.0,SHALLOW TURN,FORWARD
1595,26:35.0,SHALLOW TURN,FORWARD
1596,26:36.0,SHALLOW TURN,FORWARD
1597,26:37.0,NO TURN,FORWARD
1598,26:38.0,NO TURN,FORWARD
1599,26:39.0,NO TURN,FORWARD
1600,26:40.0,NO TURN,FORWARD
1601,26:41.0,NO TURN,FORWARD
1602,26:42.0,NO TURN,FORWARD
1603,26:43.0,NO TURN,FORWARD
1604,26:44.0,NO TURN,FORWARD
1605,26:45.0,NO TURN,FORWARD
1606,26:46.0,NO TURN,FORWARD
1607,26:47.0,SHALLOW TURN,FORWARD
1608,26:48.0,SHALLOW TURN,FORWARD
1609,26:49.0,SHALLOW TURN,FORWARD
1610,26:50.0,SHALLOW TURN,FORWARD
1611,26:51.0,NO TURN,FORWARD
1612,26:52.0,NO TURN,FORWARD
1613,26:53.0,NO TURN,FORWARD
1614,26:54.0,NO TURN,FORWARD
1615,26:55.0,NO TURN,FORWARD
1616,26:56.0,NO TURN,FORWARD
1617,26:57.0,NO TURN,FORWARD
1618,26:58.0,NO TURN,FORWARD
1619,26:59.0,REVERSE SHORT,STOPPED
1620,27:00.0,REVERSE SHORT,STOPPED
1621,27:01.0,REVERSE SHORT,STOPPED
1622,27:02.0,REVERSE SHORT,BACKWARD
1623,27:03.0,REVERSE SHORT,BACKWARD
1624,27:04.0,REVERSE SHORT,BACKWARD
1625,27:05.0,REVERSE SHORT,STOPPED
1626,27:06.0,REVERSE SHORT,STOPPED
1627,27:07.0,REVERSE SHORT,STOPPED
1628,27:08.0,REVERSE SHORT,STOPPED
1629,27:09.0,REVERSE SHORT,STOPPED
1630,27:10.0,REVERSE SHORT,STOPPED
1631,27:11.0,NO TURN,FORWARD
1632,27:12.0,NO TURN,FORWARD
1633,27:13.0,NO TURN,FORWARD
1634,27:14.0,REVERSE SHORT,STOPPED
1635,27:15.0,REVERSE SHORT,BACKWARD
1636,27:16.0,SHARP TURN,FORWARD
1637,27:17.0,SHARP TURN,FORWARD
1638,27:18.0,NO TURN,FORWARD
1639,27:19.0,NO TURN,FORWARD
1640,27:20.0,STOP,STOPPED
1641,27:21.0,NO TURN,FORWARD
1642,27:22.0,STOP,STOPPED
1643,27:23.0,NO TURN,FORWARD
1644,27:24.0,NO TURN,FORWARD
1645,27:25.0,NO TURN,FORWARD
1646,27:26.0,NO TURN,FORWARD
1647,27:27.0,NO TURN,FORWARD
1648,27:28.0,NO TURN,FORWARD
1649,27:29.0,STOP,STOPPED
1650,27:30.0,NO TURN,FORWARD
1651,27:31.0,NO TURN,FORWARD
1652,27:32.0,REVERSE LONG,STOPPED
1653,27:33.0,REVERSE LONG,BACKWARD
1654,27:34.0,REVERSE LONG,BACKWARD
1655,27:35.0,REVERSE LONG,BACKWARD
1656,27:36.0,REVERSE LONG,BACKWARD
1657,27:37.0,SHARP TURN,FORWARD
1658,27:38.0,SHARP TURN,FORWARD
1659,27:39.0,SHARP TURN,FORWARD
1660,27:40.0,NO TURN,FORWARD
1661,27:41.0,NO TURN,FORWARD
1662,27:42.0,NO TURN,FORWARD
1663,27:43.0,REVERSE SHORT,BACKWARD
1664,27:44.0,SHARP TURN,FORWARD
1665,27:45.0,SHARP TURN,FORWARD
1666,27:46.0,STOP,STOPPED
1667,27:47.0,NO TURN,FORWARD
1668,27:48.0,NO TURN,FORWARD
1669,27:49.0,STOP,STOPPED
1670,27:50.0,STOP,STOPPED
1671,27:51.0,SHALLOW TURN,FORWARD
1672,27:52.0,SHALLOW TURN,FORWARD
1673,27:53.0,NO TURN,FORWARD
1674,27:54.0,NO TURN,FORWARD
1675,27:55.0,NO TURN,FORWARD
1676,27:56.0,NO TURN,FORWARD
1677,27:57.0,SHALLOW TURN,FORWARD
1678,27:58.0,NO TURN,FORWARD
1679,27:59.0,NO TURN,FORWARD
1680,28:00.0,NO TURN,FORWARD
1681,28:01.0,NO TURN,FORWARD
1682,28:02.0,NO TURN,FORWARD
1683,28:03.0,NO TURN,FORWARD
1684,28:04.0,NO TURN,FORWARD
1685,28:05.0,NO TURN,FORWARD
1686,28:06.0,NO TURN,FORWARD
1687,28:07.0,NO TURN,FORWARD
1688,28:08.0,NO TURN,FORWARD
1689,28:09.0,STOP,STOPPED
1690,28:10.0,STOP,STOPPED
1691,28:11.0,NO TURN,FORWARD
1692,28:12.0,NO TURN,FORWARD
1693,28:13.0,NO TURN,FORWARD
1694,28:14.0,NO TURN,FORWARD
1695,28:15.0,NO TURN,FORWARD
1696,28:16.0,NO TURN,FORWARD
1697,28:17.0,NO TURN,FORWARD
1698,28:18.0,NO TURN,FORWARD
1699,28:19.0,NO TURN,FORWARD
1700,28:20.0,STOP,STOPPED
1701,28:21.0,STOP,STOPPED
1702,28:22.0,STOP,STOPPED
1703,28:23.0,SHALLOW TURN,FORWARD
1704,28:24.0,SHALLOW TURN,FORWARD
1705,28:25.0,NO TURN,FORWARD
1706,28:26.0,NO TURN,FORWARD
1707,28:27.0,NO TURN,FORWARD
1708,28:28.0,REVERSE SHORT,STOPPED
1709,28:29.0,REVERSE SHORT,BACKWARD
1710,28:30.0,REVERSE SHORT,STOPPED
1711,28:31.0,REVERSE SHORT,STOPPED
1712,28:32.0,SHALLOW TURN,FORWARD
1713,28:33.0,STOP,STOPPED
1714,28:34.0,STOP,STOPPED
1715,28:35.0,NO TURN,FORWARD
1716,28:36.0,NO TURN,FORWARD
1717,28:37.0,NO TURN,FORWARD
1718,28:38.0,STOP,STOPPED
1719,28:39.0,STOP,STOPPED
1720,28:40.0,NO TURN,FORWARD
1721,28:41.0,NO TURN,FORWARD
1722,28:42.0,NO TURN,FORWARD
1723,28:43.0,NO TURN,FORWARD
1724,28:44.0,NO TURN,FORWARD
1725,28:45.0,NO TURN,FORWARD
1726,28:46.0,NO TURN,FORWARD
1727,28:47.0,NO TURN,FORWARD
1728,28:48.0,NO TURN,FORWARD
1729,28:49.0,NO TURN,FORWARD
1730,28:50.0,NO TURN,FORWARD
1731,28:51.0,NO TURN,FORWARD
1732,28:52.0,NO TURN,FORWARD
1733,28:53.0,NO TURN,FORWARD
1734,28:54.0,NO TURN,FORWARD
1735,28:55.0,NO TURN,FORWARD
1736,28:56.0,NO TURN,FORWARD
1737,28:57.0,NO TURN,FORWARD
1738,28:58.0,NO TURN,FORWARD
1739,28:59.0,NO TURN,FORWARD
1740,29:00.0,NO TURN,FORWARD
1741,29:01.0,NO TURN,FORWARD
1742,29:02.0,NO TURN,FORWARD
1743,29:03.0,NO TURN,FORWARD
1744,29:04.0,NO TURN,FORWARD
1745,29:05.0,NO TURN,FORWARD
1746,29:06.0,NO TURN,FORWARD
1747,29:07.0,NO TURN,FORWARD
1748,29:08.0,NO TURN,FORWARD
1749,29:09.0,NO TURN,FORWARD
1750,29:10.0,NO TURN,FORWARD
1751,29:11.0,NO TURN,FORWARD
1752,29:12.0,SHALLOW TURN,FORWARD
1753,29:13.0,SHALLOW TURN,FORWARD
1754,29:14.0,SHALLOW TURN,FORWARD
1755,29:15.0,SHALLOW TURN,FORWARD
1756,29:16.0,SHALLOW TURN,FORWARD
1757,29:17.0,SHALLOW TURN,FORWARD
1758,29:18.0,NO TURN,FORWARD
1759,29:19.0,NO TURN,FORWARD
1760,29:20.0,NO TURN,FORWARD
1761,29:21.0,NO TURN,FORWARD
1762,29:22.0,NO TURN,FORWARD
1763,29:23.0,NO TURN,FORWARD
1764,29:24.0,STOP,STOPPED
1765,29:25.0,SHALLOW TURN,FORWARD
1766,29:26.0,SHALLOW TURN,FORWARD
1767,29:27.0,NO TURN,FORWARD
1768,29:28.0,NO TURN,FORWARD
1769,29:29.0,NO TURN,FORWARD
1770,29:30.0,NO TURN,FORWARD
1771,29:31.0,NO TURN,FORWARD
1772,29:32.0,SHALLOW TURN,FORWARD
1773,29:33.0,NO TURN,FORWARD
1774,29:34.0,REVERSE SHORT,BACKWARD
1775,29:35.0,REVERSE SHORT,BACKWARD
1776,29:36.0,SHARP TURN,FORWARD
1777,29:37.0,SHARP TURN,FORWARD
1778,29:38.0,SHARP TURN,FORWARD
1779,29:39.0,NO TURN,FORWARD
1780,29:40.0,NO TURN,FORWARD
1781,29:41.0,NO TURN,FORWARD
1782,29:42.0,NO TURN,FORWARD
1783,29:43.0,NO TURN,FORWARD
1784,29:44.0,NO TURN,FORWARD
1785,29:45.0,NO TURN,FORWARD
1786,29:46.0,NO TURN,FORWARD
1787,29:47.0,NO TURN,FORWARD
1788,29:48.0,NO TURN,FORWARD
1789,29:49.0,NO TURN,FORWARD
1790,29:50.0,NO TURN,FORWARD
1791,29:51.0,NO TURN,FORWARD
1792,29:52.0,NO TURN,FORWARD
1793,29:53.0,NO TURN,FORWARD
1794,29:54.0,NO TURN,FORWARD
1795,29:55.0,NO TURN,FORWARD
1796,29:56.0,NO TURN,FORWARD
1797,29:57.0,NO TURN,FORWARD
1798,29:58.0,NO TURN,FORWARD
1799,29:59.0,SHALLOW TURN,FORWARD
1800,30:00.0,SHALLOW TURN,FORWARD
1801,30:01.0,NO TURN,FORWARD
1802,30:02.0,NO TURN,FORWARD
1803,30:03.0,NO TURN,FORWARD
1804,30:04.0,NO TURN,FORWARD
1805,30:05.0,NO TURN,FORWARD
1806,30:06.0,NO TURN,FORWARD
1807,30:07.0,NO TURN,FORWARD
1808,30:08.0,SHALLOW TURN,FORWARD
1809,30:09.0,SHALLOW TURN,FORWARD
1810,30:10.0,SHALLOW TURN,FORWARD
1811,30:11.0,NO TURN,FORWARD
1812,30:12.0,NO TURN,FORWARD
1813,30:13.0,NO TURN,FORWARD
1814,30:14.0,NO TURN,FORWARD
1815,30:15.0,NO TURN,FORWARD
1816,30:16.0,NO TURN,FORWARD
1817,30:17.0,NO TURN,FORWARD
1818,30:18.0,NO TURN,FORWARD
1819,30:19.0,SHALLOW TURN,FORWARD
1820,30:20.0,SHALLOW TURN,FORWARD
1821,30:21.0,SHALLOW TURN,FORWARD
1822,30:22.0,NO TURN,FORWARD
1823,30:23.0,NO TURN,FORWARD
1824,30:24.0,NO TURN,FORWARD
1825,30:25.0,NO TURN,FORWARD
1826,30:26.0,NO TURN,FORWARD
1827,30:27.0,NO TURN,FORWARD
1828,30:28.0,NO TURN,FORWARD
1829,30:29.0,NO TURN,FORWARD
1830,30:30.0,NO TURN,FORWARD
1831,30:31.0,NO TURN,FORWARD
1832,30:32.0,NO TURN,FORWARD
1833,30:33.0,NO TURN,FORWARD
1834,30:34.0,NO TURN,FORWARD
1835,30:35.0,SHALLOW TURN,FORWARD
1836,30:36.0,SHALLOW TURN,FORWARD
1837,30:37.0,SHALLOW TURN,FORWARD
1838,30:38.0,SHALLOW TURN,FORWARD
1839,30:39.0,SHALLOW TURN,FORWARD
1840,30:40.0,SHALLOW TURN,FORWARD
1841,30:41.0,SHALLOW TURN,FORWARD
1842,30:42.0,NO TURN,FORWARD
1843,30:43.0,NO TURN,FORWARD
1844,30:44.0,NO TURN,FORWARD
1845,30:45.0,NO TURN,FORWARD
1846,30:46.0,NO TURN,FORWARD
1847,30:47.0,NO TURN,FORWARD
1848,30:48.0,NO TURN,FORWARD
1849,30:49.0,SHALLOW TURN,FORWARD
1850,30:50.0,SHALLOW TURN,FORWARD
1851,30:51.0,SHALLOW TURN,FORWARD
1852,30:52.0,SHALLOW TURN,FORWARD
1853,30:53.0,SHALLOW TURN,FORWARD
1854,30:54.0,NO TURN,FORWARD
1855,30:55.0,NO TURN,FORWARD
1856,30:56.0,NO TURN,FORWARD
1857,30:57.0,NO TURN,FORWARD
1858,30:58.0,NO TURN,FORWARD
1859,30:59.0,NO TURN,FORWARD
1860,31:00.0,NO TURN,FORWARD
1861,31:01.0,NO TURN,FORWARD
1862,31:02.0,NO TURN,FORWARD
1863,31:03.0,NO TURN,FORWARD
1864,31:04.0,NO TURN,FORWARD
1865,31:05.0,NO TURN,FORWARD
1866,31:06.0,NO TURN,FORWARD
1867,31:07.0,NO TURN,FORWARD
1868,31:08.0,NO TURN,FORWARD
1869,31:09.0,NO TURN,FORWARD
1870,31:10.0,NO TURN,FORWARD
1871,31:11.0,NO TURN,FORWARD
1872,31:12.0,NO TURN,FORWARD
1873,31:13.0,NO TURN,FORWARD
1874,31:14.0,NO TURN,FORWARD
1875,31:15.0,NO TURN,FORWARD
1876,31:16.0,NO TURN,FORWARD
1877,31:17.0,NO TURN,FORWARD
1878,31:18.0,NO TURN,FORWARD
1879,31:19.0,NO TURN,FORWARD
1880,31:20.0,NO TURN,FORWARD
1881,31:21.0,NO TURN,FORWARD
1882,31:22.0,NO TURN,FORWARD
1883,31:23.0,NO TURN,FORWARD
1884,31:24.0,SHALLOW TURN,FORWARD
1885,31:25.0,SHALLOW TURN,FORWARD
1886,31:26.0,SHALLOW TURN,FORWARD
1887,31:27.0,SHALLOW TURN,FORWARD
1888,31:28.0,SHALLOW TURN,FORWARD
1889,31:29.0,NO TURN,FORWARD
1890,31:30.0,NO TURN,FORWARD
1891,31:31.0,NO TURN,FORWARD
1892,31:32.0,NO TURN,FORWARD
1893,31:33.0,NO TURN,FORWARD
1894,31:34.0,NO TURN,FORWARD
1895,31:35.0,NO TURN,FORWARD
1896,31:36.0,NO TURN,FORWARD
1897,31:37.0,NO TURN,FORWARD
1898,31:38.0,NO TURN,FORWARD
1899,31:39.0,NO TURN,FORWARD
1900,31:40.0,NO TURN,FORWARD
1901,31:41.0,NO TURN,FORWARD
1902,31:42.0,NO TURN,FORWARD
1903,31:43.0,NO TURN,FORWARD
1904,31:44.0,NO TURN,FORWARD
1905,31:45.0,NO TURN,FORWARD
1906,31:46.0,NO TURN,FORWARD
1907,31:47.0,NO TURN,FORWARD
1908,31:48.0,NO TURN,FORWARD
1909,31:49.0,SHALLOW TURN,FORWARD
1910,31:50.0,SHALLOW TURN,FORWARD
1911,31:51.0,SHALLOW TURN,FORWARD
1912,31:52.0,NO TURN,FORWARD
1913,31:53.0,NO TURN,FORWARD
1914,31:54.0,NO TURN,FORWARD
1915,31:55.0,NO TURN,FORWARD
1916,31:56.0,NO TURN,FORWARD
1917,31:57.0,NO TURN,FORWARD
1918,31:58.0,NO TURN,FORWARD
1919,31:59.0,NO TURN,FORWARD
1920,32:00.0,NO TURN,FORWARD
1921,32:01.0,NO TURN,FORWARD
1922,32:02.0,NO TURN,FORWARD
1923,32:03.0,NO TURN,FORWARD
1924,32:04.0,NO TURN,FORWARD
1925,32:05.0,NO TURN,FORWARD
1926,32:06.0,NO TURN,FORWARD
1927,32:07.0,NO TURN,FORWARD
1928,32:08.0,NO TURN,FORWARD
1929,32:09.0,NO TURN,FORWARD
1930,32:10.0,NO TURN,FORWARD
1931,32:11.0,NO TURN,FORWARD
1932,32:12.0,NO TURN,FORWARD
1933,32:13.0,NO TURN,FORWARD
1934,32:14.0,NO TURN,FORWARD
1935,32:15.0,SHARP TURN,FORWARD
1936,32:16.0,SHARP TURN,FORWARD
1937,32:17.0,NO TURN,FORWARD
1938,32:18.0,NO TURN,FORWARD
1939,32:19.0,NO TURN,FORWARD
1940,32:20.0,NO TURN,FORWARD
1941,32:21.0,NO TURN,FORWARD
1942,32:22.0,NO TURN,FORWARD
1943,32:23.0,NO TURN,FORWARD
1944,32:24.0,NO TURN,FORWARD
1945,32:25.0,NO TURN,FORWARD
1946,32:26.0,NO TURN,FORWARD
1947,32:27.0,NO TURN,FORWARD
1948,32:28.0,NO TURN,FORWARD
1949,32:29.0,NO TURN,FORWARD
1950,32:30.0,NO TURN,FORWARD
1951,32:31.0,NO TURN,FORWARD
1952,32:32.0,NO TURN,FORWARD
1953,32:33.0,NO TURN,FORWARD
1954,32:34.0,NO TURN,FORWARD
1955,32:35.0,NO TURN,FORWARD
1956,32:36.0,NO TURN,FORWARD
1957,32:37.0,NO TURN,FORWARD
1958,32:38.0,NO TURN,FORWARD
1959,32:39.0,NO TURN,FORWARD
1960,32:40.0,NO TURN,FORWARD
1961,32:41.0,NO TURN,FORWARD
1962,32:42.0,NO TURN,FORWARD
1963,32:43.0,NO TURN,FORWARD
1964,32:44.0,NO TURN,FORWARD
1965,32:45.0,NO TURN,FORWARD
1966,32:46.0,NO TURN,FORWARD
1967,32:47.0,NO TURN,FORWARD
1968,32:48.0,NO TURN,FORWARD
1969,32:49.0,NO TURN,FORWARD
1970,32:50.0,NO TURN,FORWARD
1971,32:51.0,NO TURN,FORWARD
1972,32:52.0,NO TURN,FORWARD
1973,32:53.0,NO TURN,FORWARD
1974,32:54.0,NO TURN,FORWARD
1975,32:55.0,NO TURN,FORWARD
1976,32:56.0,SHALLOW TURN,FORWARD
1977,32:57.0,SHALLOW TURN,FORWARD
1978,32:58.0,SHALLOW TURN,FORWARD
1979,32:59.0,SHALLOW TURN,FORWARD
1980,33:00.0,SHALLOW TURN,FORWARD
1981,33:01.0,NO TURN,FORWARD
1982,33:02.0,NO TURN,FORWARD
1983,33:03.0,NO TURN,FORWARD
1984,33:04.0,NO TURN,FORWARD
1985,33:05.0,NO TURN,FORWARD
1986,33:06.0,NO TURN,FORWARD
1987,33:07.0,NO TURN,FORWARD
1988,33:08.0,NO TURN,FORWARD
1989,33:09.0,NO TURN,FORWARD
1990,33:10.0,NO TURN,FORWARD
1991,33:11.0,NO TURN,FORWARD
1992,33:12.0,NO TURN,FORWARD
1993,33:13.0,NO TURN,FORWARD
1994,33:14.0,NO TURN,FORWARD
1995,33:15.0,NO TURN,FORWARD
1996,33:16.0,NO TURN,FORWARD
1997,33:17.0,NO TURN,FORWARD
1998,33:18.0,NO TURN,FORWARD
1999,33:19.0,NO TURN,FORWARD
2000,33:20.0,NO TURN,FORWARD
2001,33:21.0,NO TURN,FORWARD
2002,33:22.0,NO TURN,FORWARD
2003,33:23.0,NO TURN,FORWARD
2004,33:24.0,NO TURN,FORWARD
2005,33:25.0,NO TURN,FORWARD
2006,33:26.0,REVERSE LONG,BACKWARD
2007,33:27.0,REVERSE LONG,BACKWARD
2008,33:28.0,REVERSE LONG,BACKWARD
2009,33:29.0,REVERSE LONG,BACKWARD
2010,33:30.0,SHARP TURN,FORWARD
2011,33:31.0,SHARP TURN,FORWARD
2012,33:32.0,SHARP TURN,FORWARD
2013,33:33.0,SHARP TURN,FORWARD
2014,33:34.0,SHARP TURN,FORWARD
2015,33:35.0,NO TURN,FORWARD
2016,33:36.0,NO TURN,FORWARD
2017,33:37.0,NO TURN,FORWARD
2018,33:38.0,NO TURN,FORWARD
2019,33:39.0,NO TURN,FORWARD
2020,33:40.0,NO TURN,FORWARD
2021,33:41.0,NO TURN,FORWARD
2022,33:42.0,NO TURN,FORWARD
2023,33:43.0,NO TURN,FORWARD
2024,33:44.0,NO TURN,FORWARD
2025,33:45.0,NO TURN,FORWARD
2026,33:46.0,STOP,STOPPED
2027,33:47.0,NO TURN,FORWARD
2028,33:48.0,NO TURN,FORWARD
2029,33:49.0,NO TURN,FORWARD
2030,33:50.0,NO TURN,FORWARD
2031,33:51.0,NO TURN,FORWARD
2032,33:52.0,NO TURN,FORWARD
2033,33:53.0,NO TURN,FORWARD
2034,33:54.0,NO TURN,FORWARD
2035,33:55.0,NO TURN,FORWARD
2036,33:56.0,NO TURN,FORWARD
2037,33:57.0,NO TURN,FORWARD
2038,33:58.0,NO TURN,FORWARD
2039,33:59.0,NO TURN,FORWARD
2040,34:00.0,NO TURN,FORWARD
2041,34:01.0,NO TURN,FORWARD
2042,34:02.0,NO TURN,FORWARD
2043,34:03.0,NO TURN,FORWARD
2044,34:04.0,NO TURN,FORWARD
2045,34:05.0,NO TURN,FORWARD
2046,34:06.0,NO TURN,FORWARD
2047,34:07.0,NO TURN,FORWARD
2048,34:08.0,NO TURN,FORWARD
2049,34:09.0,NO TURN,FORWARD
2050,34:10.0,NO TURN,FORWARD
2051,34:11.0,NO TURN,FORWARD
2052,34:12.0,NO TURN,FORWARD
2053,34:13.0,NO TURN,FORWARD
2054,34:14.0,NO TURN,FORWARD
2055,34:15.0,NO TURN,FORWARD
2056,34:16.0,NO TURN,FORWARD
2057,34:17.0,NO TURN,FORWARD
2058,34:18.0,NO TURN,FORWARD
2059,34:19.0,NO TURN,FORWARD
2060,34:20.0,NO TURN,FORWARD
2061,34:21.0,NO TURN,FORWARD
2062,34:22.0,SHARP TURN,FORWARD
2063,34:23.0,SHARP TURN,FORWARD
2064,34:24.0,SHARP TURN,FORWARD
2065,34:25.0,SHARP TURN,FORWARD
2066,34:26.0,SHARP TURN,FORWARD
2067,34:27.0,SHARP TURN,FORWARD
2068,34:28.0,SHARP TURN,FORWARD
2069,34:29.0,SHARP TURN,FORWARD
2070,34:30.0,SHARP TURN,FORWARD
2071,34:31.0,SHARP TURN,FORWARD
2072,34:32.0,SHARP TURN,FORWARD
2073,34:33.0,SHARP TURN,FORWARD
2074,34:34.0,SHARP TURN,FORWARD
2075,34:35.0,NO TURN,FORWARD
2076,34:36.0,NO TURN,FORWARD
2077,34:37.0,NO TURN,FORWARD
2078,34:38.0,NO TURN,FORWARD
2079,34:39.0,NO TURN,FORWARD
2080,34:40.0,NO TURN,FORWARD
2081,34:41.0,NO TURN,FORWARD
2082,34:42.0,NO TURN,FORWARD
2083,34:43.0,NO TURN,FORWARD
2084,34:44.0,REVERSE SHORT,STOPPED
2085,34:45.0,REVERSE SHORT,BACKWARD
2086,34:46.0,SHALLOW TURN,FORWARD
2087,34:47.0,SHALLOW TURN,FORWARD
2088,34:48.0,SHALLOW TURN,FORWARD
2089,34:49.0,NO TURN,FORWARD
2090,34:50.0,NO TURN,FORWARD
2091,34:51.0,NO TURN,FORWARD
2092,34:52.0,NO TURN,FORWARD
2093,34:53.0,NO TURN,FORWARD
2094,34:54.0,SHALLOW TURN,FORWARD
2095,34:55.0,SHALLOW TURN,FORWARD
2096,34:56.0,NO TURN,FORWARD
2097,34:57.0,NO TURN,FORWARD
2098,34:58.0,NO TURN,FORWARD
2099,34:59.0,NO TURN,FORWARD
2100,35:00.0,NO TURN,FORWARD
2101,35:01.0,NO TURN,FORWARD
2102,35:02.0,REVERSE SHORT,STOPPED
2103,35:03.0,REVERSE SHORT,BACKWARD
2104,35:04.0,SHARP TURN,FORWARD
2105,35:05.0,SHARP TURN,FORWARD
2106,35:06.0,SHARP TURN,FORWARD
2107,35:07.0,SHARP TURN,FORWARD
2108,35:08.0,NO TURN,FORWARD
2109,35:09.0,NO TURN,FORWARD
2110,35:10.0,NO TURN,FORWARD
2111,35:11.0,NO TURN,FORWARD
2112,35:12.0,NO TURN,FORWARD
2113,35:13.0,NO TURN,FORWARD
2114,35:14.0,NO TURN,FORWARD
2115,35:15.0,NO TURN,FORWARD
2116,35:16.0,NO TURN,FORWARD
2117,35:17.0,NO TURN,FORWARD
2118,35:18.0,NO TURN,FORWARD
2119,35:19.0,NO TURN,FORWARD
2120,35:20.0,NO TURN,FORWARD
2121,35:21.0,NO TURN,FORWARD
2122,35:22.0,NO TURN,FORWARD
2123,35:23.0,NO TURN,FORWARD
2124,35:24.0,NO TURN,FORWARD
2125,35:25.0,NO TURN,FORWARD
2126,35:26.0,NO TURN,FORWARD
2127,35:27.0,NO TURN,FORWARD
2128,35:28.0,NO TURN,FORWARD
2129,35:29.0,NO TURN,FORWARD
2130,35:30.0,NO TURN,FORWARD
2131,35:31.0,NO TURN,FORWARD
2132,35:32.0,SHALLOW TURN,FORWARD
2133,35:33.0,SHALLOW TURN,FORWARD
2134,35:34.0,SHALLOW TURN,FORWARD
2135,35:35.0,NO TURN,FORWARD
2136,35:36.0,NO TURN,FORWARD
2137,35:37.0,SHALLOW TURN,FORWARD
2138,35:38.0,SHALLOW TURN,FORWARD
2139,35:39.0,NO TURN,FORWARD
2140,35:40.0,NO TURN,FORWARD
2141,35:41.0,NO TURN,FORWARD
2142,35:42.0,NO TURN,FORWARD
2143,35:43.0,NO TURN,FORWARD
2144,35:44.0,NO TURN,FORWARD
2145,35:45.0,NO TURN,FORWARD
2146,35:46.0,NO TURN,FORWARD
2147,35:47.0,NO TURN,FORWARD
2148,35:48.0,NO TURN,FORWARD
2149,35:49.0,NO TURN,FORWARD
2150,35:50.0,NO TURN,FORWARD
2151,35:51.0,NO TURN,FORWARD
2152,35:52.0,NO TURN,FORWARD
2153,35:53.0,NO TURN,FORWARD
2154,35:54.0,NO TURN,FORWARD
2155,35:55.0,NO TURN,FORWARD
2156,35:56.0,NO TURN,FORWARD
2157,35:57.0,NO TURN,FORWARD
2158,35:58.0,NO TURN,FORWARD
2159,35:59.0,REVERSE SHORT,STOPPED
2160,36:00.0,REVERSE SHORT,BACKWARD
2161,36:01.0,SHARP TURN,FORWARD
2162,36:02.0,SHARP TURN,FORWARD
2163,36:03.0,SHARP TURN,FORWARD
2164,36:04.0,NO TURN,FORWARD
2165,36:05.0,REVERSE LONG,STOPPED
2166,36:06.0,REVERSE LONG,STOPPED
2167,36:07.0,REVERSE LONG,BACKWARD
2168,36:08.0,REVERSE LONG,BACKWARD
2169,36:09.0,REVERSE LONG,BACKWARD
2170,36:10.0,SHARP TURN,FORWARD
2171,36:11.0,SHARP TURN,FORWARD
2172,36:12.0,STOP,STOPPED
2173,36:13.0,STOP,STOPPED
2174,36:14.0,NO TURN,FORWARD
2175,36:15.0,NO TURN,FORWARD
2176,36:16.0,NO TURN,FORWARD
2177,36:17.0,SHALLOW TURN,FORWARD
2178,36:18.0,SHALLOW TURN,FORWARD
2179,36:19.0,SHALLOW TURN,FORWARD
2180,36:20.0,NO TURN,FORWARD
2181,36:21.0,NO TURN,FORWARD
2182,36:22.0,NO TURN,FORWARD
2183,36:23.0,NO TURN,FORWARD
2184,36:24.0,SHALLOW TURN,FORWARD
2185,36:25.0,SHALLOW TURN,FORWARD
2186,36:26.0,NO TURN,FORWARD
2187,36:27.0,NO TURN,FORWARD
2188,36:28.0,NO TURN,FORWARD
2189,36:29.0,NO TURN,FORWARD
2190,36:30.0,NO TURN,FORWARD
2191,36:31.0,NO TURN,FORWARD
